patch_index,cross_engine_lsd_db,context_leakage_lsd_db
0,8.10689838948027e-05,0.0
1,1.1148418349553273e-05,0.0
3,2.9173107565600294e-06,0.0
5,3.659747276382857e-05,0.0
7,2.9560594265050107e-05,0.0
8,6.36226077992826e-05,0.0
9,7.510386101590871e-06,0.0
10,6.346621619036233e-05,0.0
11,8.541197135614956,8.595791545985339
12,7.597264759446983,6.379645810534736
13,1.9127682847529736e-05,0.0
14,8.58349211158705,8.274893739864435
15,3.1228818133536503e-05,0.0
16,7.102122119006499e-05,0.0
17,1.2264668444461336e-05,0.0
18,1.5421403666539712e-05,0.0
19,1.0040018225674432e-05,0.0
21,5.401574715609542e-06,0.0
22,0.0001346355126357,0.0
23,5.772578045507669e-05,0.0
24,8.081899001819718e-05,0.0
25,3.939291328820971e-05,0.0
26,0.0001024435040399,0.0
27,0.0003727746237218,0.0
28,5.946292436912578,5.978813332177732
29,1.134210835251974e-05,0.0
30,1.9735091242741403e-05,0.0
31,8.809269569256379e-05,0.0
32,7.9118658585084125,8.356724427290835
34,2.8910742483817107e-05,0.0
35,3.2184648632099815e-06,0.0
36,6.721325590907329,6.703188360571813
37,4.0339810085671986e-05,0.0
38,4.696837905228911e-06,0.0
39,1.173306814863369e-05,0.0
40,8.3023784514504e-05,0.0
41,1.7440285858597666e-05,0.0
43,0.0003731478191765,0.0
44,5.398396292104408e-05,0.0
45,6.297296685171019e-05,0.0
46,5.325010834877768e-05,0.0
47,6.61630630598275e-05,0.0
48,5.358387949059126e-06,0.0
49,3.967688419980619e-05,0.0
50,1.961707994529008e-05,0.0
51,5.507658848756565e-06,0.0
52,5.19577362516179e-05,0.0
53,0.0001059958326063,0.0
54,5.394645228742926e-05,0.0
55,4.941586623038652e-06,0.0
56,8.59484474515413,8.995225341778907
57,8.509959568359749,10.041603399741293
58,0.0002904142550571,0.0
59,8.959941251601373,9.483332241041488
60,4.447282645036952e-05,0.0
62,0.0001973370659528,0.0
63,6.816413414851459e-06,0.0
64,4.352009293619037e-05,0.0
65,7.911751765764813e-05,0.0
68,4.722291848798374e-05,0.0
70,3.751117932283931e-05,0.0
71,0.0001110605725266,0.0
73,0.0001183140537278,0.0
74,1.836116530980888e-05,0.0
75,1.0921298289761848e-05,0.0
76,4.322088682407968e-05,0.0
77,0.0001003894015078,0.0
78,4.468806457491196e-05,0.0
79,0.0007302236802312,0.0
81,0.0001215991346538,0.0
82,2.546439427567784e-05,0.0
83,9.32193637521337e-05,0.0
84,6.113957012122608e-05,0.0
85,9.917473321567384e-06,0.0
86,4.464423444588246e-05,0.0
87,6.742016603801366,8.306047818865986
88,3.3513350122294576e-05,0.0
89,7.439697959758749e-05,0.0
90,3.835266387146609e-05,0.0
92,0.0001290053269173,0.0
93,9.17979719412034e-06,0.0
94,6.040742302076544e-05,0.0
95,9.33798661529872,8.309995838820868
99,0.0001653278721843,0.0
100,0.0003318908238394,0.0
101,0.0001009121700325,0.0
104,0.0002676708558987,0.0
105,4.192413313631907e-05,0.0
106,2.512624628389372e-05,0.0
108,8.324066737784839e-05,0.0
109,0.0006227434406069,0.0
110,5.504749420322677e-05,0.0
111,6.60872324868042e-06,0.0
112,0.0001712714048833,0.0
113,2.0865584250006072e-05,0.0
114,2.07133069070469e-05,0.0
115,0.0002217152797058,0.0
116,2.4426633076068913e-05,0.0
117,0.0003098222252144,0.0
118,6.049943481692461e-05,0.0
121,7.530523530083124,7.746641408656688
124,0.0002101012343326,0.0
125,2.3876566365368033e-05,0.0
126,2.552477493559044e-05,0.0
127,0.0002542252705945,0.0
128,1.144097490961484e-05,0.0
129,4.334123657956045e-05,0.0
130,0.0001006525324704,0.0
131,5.284438693464229e-05,0.0
132,6.248128895576302e-05,0.0
133,4.372991202907265e-05,0.0
134,5.183085375574496e-06,0.0
136,0.0002031331527792,0.0
137,12.661411589257298,8.322573772046931
138,9.860876430828635e-05,0.0
139,7.432766929181734,8.292691834725128
140,4.941349544116976e-05,0.0
141,9.189641502573383e-05,0.0
142,5.5352385077383224e-05,0.0
143,7.341294073952025e-05,0.0
144,2.6323998326219268e-05,0.0
145,8.456230220735288,8.451261043575249
146,3.882873216525899e-06,0.0
147,0.0001206828124351,0.0
148,3.113085882131067e-05,0.0
149,0.0001566510025151,0.0
150,1.2154180372639238e-05,0.0
151,7.588460023997722,7.52244350381814
152,0.0001483063743427,0.0
153,4.476368795154267e-05,0.0
154,0.0001282055333974,0.0
155,1.1072022029941526e-05,0.0
156,6.985199670925547e-05,0.0
157,7.716945680370811e-06,0.0
158,1.257664319355931e-05,0.0
159,0.0001228301977871,0.0
160,0.000358069281183,0.0
161,2.0284727929788096e-05,0.0
162,3.256688078415898e-05,0.0
163,0.0007033783313379,0.0
164,0.0001436877230182,0.0
165,1.8127976968042033e-05,0.0
166,2.0142883996469092e-05,0.0
167,12.250825290149857,11.977169057119585
168,2.1052382035955345e-05,0.0
169,2.2768632463736303e-05,0.0
170,4.3876271273269586e-05,0.0
171,7.726118682360953,7.85619719624241
172,5.721657659815446,5.615777764270269
174,8.73038872872698e-06,0.0
175,7.293977750841414e-05,0.0
176,8.966486497687171,10.97911075661844
177,6.233986622545424e-05,0.0
178,6.116488532312563,6.602050061131451
179,8.975263980733782e-06,0.0
180,5.7968690885445465e-06,0.0
181,7.364775595291207e-05,0.0
182,2.5886191015305897e-05,0.0
183,4.4275511730041336e-05,0.0
184,6.558957435884991,5.880497527945902
185,4.7450955348715794e-05,0.0
187,4.354242176464448e-05,0.0
188,7.970204010309518e-05,0.0
189,1.7849332319061295e-05,0.0
190,10.78716141099668,11.245452625834757
191,3.5523403076574124e-05,0.0
192,7.45373692211466,7.788833593864179
193,9.702305845560124e-05,0.0
194,6.28848141517359e-05,0.0
195,3.595287972752215e-05,0.0
196,7.11739338545166e-05,0.0
197,4.033152589223456e-05,0.0
198,0.0001722935788633,0.0
200,9.769229039420075,8.584443077104758
201,3.1215442157489494e-05,0.0
202,3.560616539377352e-05,0.0
203,3.674442140001547e-05,0.0
204,7.03994915431535e-05,0.0
205,3.065489272780713e-05,0.0
206,0.0003334488140087,0.0
208,4.5012716308826424e-05,0.0
209,6.702861685692815,6.752812869693292
210,3.594644472306329e-05,0.0
211,5.044710080216733e-06,0.0
212,3.992585890325904e-05,0.0
213,0.0005534971579132,0.0
214,0.0007255781379447,0.0
215,0.0005047874533723,0.0
217,6.9704389309668235e-06,0.0
219,3.209166826565694e-05,0.0
221,7.0434286659147e-05,0.0
223,6.290888762706208e-05,0.0
224,0.0001253716156596,0.0
225,1.4874210873385336e-05,0.0
226,0.0002505254719136,0.0
227,0.0004968757619009,0.0
228,4.843391336327777e-05,0.0
229,5.250411815795154e-05,0.0
230,0.0003539789087422,0.0
231,4.3306538965445294e-05,0.0
232,2.0715351688774203e-05,0.0
234,7.621963665003515e-05,0.0
235,9.919693190021312e-06,0.0
236,9.412723756960084e-06,0.0
237,8.531188577061901e-05,0.0
238,4.031626905067179e-05,0.0
239,2.858671437657393e-05,0.0
240,0.0002652433698529,0.0
241,13.038623992330026,12.875980278778174
242,4.1385026596907454e-05,0.0
243,5.946396241939001,6.18648277293456
244,0.0002680754255175,0.0
245,2.6393024254284185e-05,0.0
246,6.065129592031545e-05,0.0
248,0.0001038703809257,0.0
249,9.674040295402849,9.408324835965567
250,3.291307892486645e-05,0.0
251,7.551289104909716,7.085097741901889
252,8.070004543648432e-05,0.0
253,5.192635634244361e-05,0.0
254,0.0004905039858075,0.0
255,0.0001637978520195,0.0
256,8.727248057798986,8.5526342065084
258,2.2370996942628288e-05,0.0
259,4.841353892806519e-05,0.0
260,8.866015957105066e-06,0.0
261,0.0001201121921171,0.0
262,0.0001304906809654,0.0
263,1.3217694766638185e-05,0.0
264,9.149225832033483,8.925203641747023
265,6.401353265574412e-05,0.0
266,1.495381243701746e-05,0.0
267,0.0001157731762067,0.0
268,5.366766983625435e-06,0.0
269,8.075973253159047e-05,0.0
270,8.398344832256134,8.556735246097984
271,0.0002348455707647,0.0
272,3.0703177303474386e-05,0.0
273,8.272214021344861e-06,0.0
274,1.6255584752717608e-05,0.0
275,0.0005514414631029,0.0
277,7.976247619204744e-05,0.0
278,2.684710489678052e-05,0.0
279,7.488548321264732e-05,0.0
280,8.296263547812493e-06,0.0
281,0.0001077549234833,0.0
282,4.063133424574686e-05,0.0
283,6.221313775841586e-05,0.0
285,2.3936901643972814e-05,0.0
286,3.60124843429941e-05,0.0
289,5.230490114613832e-05,0.0
290,2.5587544616375924e-05,0.0
291,0.0002709494266655,0.0
292,8.649818657712763e-06,0.0
293,5.581649855594754e-05,0.0
294,8.159085945275852,8.959840602351818
295,7.364460105519117,7.400565224487282
296,8.157072719912623,8.298814262208609
297,0.0002291113754152,0.0
300,3.369308699304086e-05,0.0
301,8.724310593064465e-05,0.0
302,0.0001695349194198,0.0
303,7.515781119079154,8.546094298625995
304,3.926172482746702e-05,0.0
305,4.866025908900018e-05,0.0
306,2.5500518401517703e-05,0.0
307,7.333956773630167e-05,0.0
308,0.0001451498238271,0.0
309,1.3457655758215565e-05,0.0
310,4.704604513274824e-06,0.0
312,3.153734116555903e-05,0.0
313,5.138932075578496e-05,0.0
314,7.187404762409666e-06,0.0
315,0.0002941493261424,0.0
316,4.966142531400624,5.5684226342677485
317,2.72450649964023e-05,0.0
318,1.613629668516338e-05,0.0
319,5.994733258905895e-05,0.0
320,2.101965554845438e-05,0.0
321,6.216217379324875,6.166001255868914
322,3.858101581767496e-05,0.0
323,1.4911506933279828e-05,0.0
324,1.52512621370595e-05,0.0
325,8.326790463186078e-05,0.0
326,8.815976651789258e-05,0.0
327,7.216367767976201,7.230368865189722
328,1.0259148748501492e-05,0.0
329,0.0005170511124109,0.0
330,6.170789023539451e-06,0.0
331,5.983546744997934e-06,0.0
332,1.833820784293786e-05,0.0
335,3.126896894232655e-05,0.0
336,6.478334723270147e-05,0.0
337,7.390578162813021e-06,0.0
340,7.990631565411667e-05,0.0
341,2.1982044278635592e-05,0.0
342,5.4830054931118934e-05,0.0
343,5.979333307308402e-05,0.0
344,0.0001487009672943,0.0
345,3.5029562027627135e-05,0.0
346,1.9112857567454155e-05,0.0
347,8.899096708873833e-05,0.0
348,4.8756284619116055e-05,0.0
349,6.1235321371850215e-06,0.0
350,6.423794785548245,8.825038825415204
351,7.2035031209571295e-06,0.0
352,5.535272161309493e-05,0.0
353,1.1979779962763634e-05,0.0
354,3.0377476853465426e-06,0.0
355,7.36858058971251e-05,0.0
356,2.8366240520793053e-05,0.0
357,6.431807345276575e-06,0.0
358,7.119583397905312e-06,0.0
361,0.0002169370761164,0.0
362,6.490893545467058,6.59597642349224
363,8.059834612568249e-06,0.0
365,4.22772932607903e-05,0.0
366,4.197396514650287e-06,0.0
367,0.0002509042240605,0.0
368,2.1193762108404313e-05,0.0
369,1.1112065375409452e-05,0.0
370,7.634015217593489e-05,0.0
372,6.86720775415766e-05,0.0
373,9.563569152247883e-05,0.0
374,4.734836451614582,4.968843195935616
375,2.75814516100952e-05,0.0
376,0.0003582213804772,0.0
377,3.791529949549986e-05,0.0
378,0.0001298518845897,0.0
379,4.927725514424083e-06,0.0
380,1.5005513459113892e-05,0.0
382,5.738651924278881e-06,0.0
383,3.2513084332644836e-05,0.0
384,3.0286161844385673e-05,0.0
385,4.830701525341842e-05,0.0
386,5.9499137714951535,5.5787063879643775
388,4.462320790720078e-05,0.0
390,0.0013166322996064,0.0
391,1.128374200207722e-05,0.0
392,11.407333527142384,9.212767740587958
393,1.2458224966258851e-05,0.0
394,1.8923351363547512e-05,0.0
395,4.7188813346730904e-05,0.0
397,4.28975538234515e-05,0.0
398,8.19962428476651,8.373344799414776
399,4.416947057532596,4.638183970981382
400,1.0996155950759028e-05,0.0
401,6.588943048067238e-05,0.0
402,5.791784117606215e-06,0.0
403,0.0002196406855449,0.0
404,1.2306504023418398e-05,0.0
405,7.550644096730766e-05,0.0
407,7.052535107816187e-05,0.0
408,0.0001210076614988,0.0
409,9.571797561070128e-05,0.0
411,4.291778160551992e-06,0.0
412,3.84702461637955e-05,0.0
413,3.734902480149132e-05,0.0
414,13.318575854101018,13.056513346052942
415,4.058301986985209e-05,0.0
416,2.693742854703605e-05,0.0
417,0.0002177921006611,0.0
418,4.67150903249592e-05,0.0
419,7.696168038534687e-05,0.0
420,0.0003280872353918,0.0
421,7.695742704063486e-06,0.0
423,4.524866113111687,4.724119770795611
424,6.627527856067414e-06,0.0
425,0.0001283278296716,0.0
426,10.330683250009216,8.658226262971107
427,4.0212713572889295e-05,0.0
428,9.198723128502092e-05,0.0
429,0.0001722623638637,0.0
430,5.961035120311241e-05,0.0
431,8.047671650019092e-05,0.0
432,8.847636157306605,8.623499682595751
433,4.950506973224283e-05,0.0
434,8.327813755084245e-05,0.0
435,0.0001309879166001,0.0
436,4.541046594321734e-05,0.0
437,3.249846523164164e-05,0.0
438,4.6306137916963034e-05,0.0
439,7.542429311641147e-05,0.0
440,4.628315809835003e-05,0.0
441,0.0001756373812116,0.0
442,0.0001575778010094,0.0
443,2.434202472322307e-05,0.0
444,11.014712262654491,11.24650981229746
445,7.587668700424623e-05,0.0
446,8.163560562617776e-06,0.0
447,1.0066143239068218e-05,0.0
448,2.7750765491985623e-05,0.0
449,6.255675821106071e-05,0.0
450,5.582810888774577e-06,0.0
451,9.473578815088756e-06,0.0
452,0.0001007895021467,0.0
455,0.0003243387163039,0.0
456,10.854373437198795,8.876617477290274
457,10.984583243657504,12.053990947556828
458,8.884709888348567e-05,0.0
459,4.341813234671947e-05,0.0
460,0.0001039427688513,0.0
461,5.492284736459256,5.083917869781561
462,6.502664069770756e-06,0.0
463,4.133132569220926e-05,0.0
464,3.9884416428271335e-05,0.0
465,5.749310017110942e-06,0.0
466,2.6754583142103106e-05,0.0
468,0.0001907529862195,0.0
469,1.43821085470029e-05,0.0
471,0.0001032431040964,0.0
472,0.0001388696495593,0.0
473,6.808931185797913e-06,0.0
474,1.884762013121773e-05,0.0
476,0.0001452028932684,0.0
477,8.345394058360032,8.857655870547449
478,8.342215264766694e-06,0.0
479,2.9077610141324782e-05,0.0
480,3.579348542976104e-05,0.0
481,0.000146832072412,0.0
482,4.0551005876529296e-05,0.0
483,1.5241691700251638e-05,0.0
484,1.888223478889926e-05,0.0
485,0.0001460699517319,0.0
486,7.7849159794109e-05,0.0
487,3.685002822313629e-05,0.0
488,4.9814408986276094e-05,0.0
489,4.5146490589278854e-06,0.0
490,6.588028976259451,7.094659358700796
491,2.0771453836679407e-05,0.0
492,5.003774348660844e-05,0.0
493,6.251567081853728e-05,0.0
494,4.513669147331131,4.5585580345673336
495,0.0002323324529551,0.0
496,3.091742782126388e-05,0.0
497,6.191025914065266e-05,0.0
498,12.273472439917668,11.484345730666123
499,1.99569418165685e-05,0.0
500,0.0005414708506515,0.0
501,0.0001477077664867,0.0
502,5.78644485616428,5.684436967249529
503,8.055551731665893e-05,0.0
505,5.121990398446875e-06,0.0
506,0.0001638737965405,0.0
507,2.650478948241657e-05,0.0
508,8.219844429586852e-05,0.0
509,1.3048835910494472e-05,0.0
510,0.0002604063307153,0.0
511,6.380723098915113e-05,0.0
514,8.675855351606534,8.09759957875039
516,6.405172213383837,5.9182327839847835
517,9.209067946754384e-05,0.0
519,0.0001329924668569,0.0
521,3.248522951577555e-05,0.0
522,0.0002559978546523,0.0
524,1.0068300954189732e-05,0.0
525,6.4495011658524655e-06,0.0
526,9.422882369566194e-06,0.0
527,7.990112250970146,9.309797726910189
529,1.020186056459502e-05,0.0
530,9.325394371363712,9.625874611474522
531,7.81644570347878e-05,0.0
532,2.5644482307668606e-05,0.0
534,9.268898865557489,8.66270117714891
535,1.7229566029033493e-05,0.0
536,1.019483678294682e-05,0.0
537,8.541044096315716,8.651512539498079
538,1.2552106445535928e-05,0.0
539,6.60873379811386e-05,0.0
540,1.787509025802133e-05,0.0
541,8.816241231260225e-05,0.0
542,0.0001009472295224,0.0
543,2.394123403863285e-05,0.0
544,5.208935089571557e-05,0.0
547,9.511415662912515e-05,0.0
548,9.280570334514596e-05,0.0
549,0.0001190038352798,0.0
550,2.8439574137458973e-05,0.0
551,6.469000099278609e-05,0.0
552,7.775254063411994,8.464827817493449
554,1.5128947460160744e-05,0.0
555,4.8925392802372826e-05,0.0
556,2.703758816190949e-05,0.0
557,4.992360678147235e-06,0.0
558,1.313561021716638e-05,0.0
559,6.459459031823288,6.567311259925766
560,9.603213737303816,8.339644403722879
561,9.732111435196264e-05,0.0
562,6.378672494941026e-05,0.0
563,1.5207135332070852e-05,0.0
564,4.62918787163237e-06,0.0
565,0.0002409557662546,0.0
566,4.2217546062599515e-05,0.0
567,2.878529199440955e-05,0.0
568,1.299150103952732e-05,0.0
569,4.747762055307139e-05,0.0
570,4.64319760885564e-06,0.0
572,4.696971845693769e-05,0.0
573,4.2469493162151954e-05,0.0
574,2.0747925272354666e-05,0.0
575,6.716820449947716e-06,0.0
576,8.732175362319846e-05,0.0
577,2.4106207236235953e-05,0.0
578,7.342545674068859e-06,0.0
579,8.248493376612897,8.38957709267105
580,0.0005105761345968,0.0
581,0.0003804026790814,0.0
582,3.551366898910974e-05,0.0
583,5.328759784793531,5.903879212694895
584,7.22924533816269,7.283592465408852
585,5.689607133334834e-06,0.0
587,5.763831850264794,5.956114513096531
588,6.862194017422793e-06,0.0
589,5.924038418889502,5.83023065136902
590,4.404949868587842e-06,0.0
591,0.0001094066715792,0.0
594,5.763156050569647,5.818250842306614
595,5.6168077758094e-05,0.0
596,3.0527547460587085e-05,0.0
597,4.448360904246732e-05,0.0
599,7.905296064106031e-06,0.0
600,3.563264257238063e-06,0.0
601,0.0001019377772157,0.0
602,8.74519874150799e-05,0.0
603,6.338724485216714,7.553811598018105
604,4.7804599545518915e-05,0.0
605,2.683457298499429e-05,0.0
607,8.582186921701467e-06,0.0
608,2.9676932824223212e-05,0.0
609,0.0001888731479734,0.0
610,6.521263154994416e-05,0.0
611,9.36526107722428,10.297589363711815
613,6.987992212750063e-05,0.0
614,3.847230074968912e-05,0.0
615,6.808515387159958e-05,0.0
616,4.210102333785567e-05,0.0
617,5.617033253200602e-05,0.0
618,10.247653808718052,9.938790542407094
619,0.000148695546,0.0
620,4.962105088032403e-05,0.0
621,6.329623996312976e-06,0.0
622,6.0326885359899065e-06,0.0
624,2.921145277296619e-05,0.0
625,8.940496450947747e-05,0.0
626,7.134416429855497,7.498695345075015
627,1.2852496726118496e-05,0.0
628,6.009326213692839,7.398930733698026
629,5.045974041899212e-05,0.0
630,6.947670395257995e-06,0.0
631,2.6949028287324755e-05,0.0
632,9.598623999213295,10.016960811132659
633,3.480076475901535e-06,0.0
634,3.9640681178603656e-05,0.0
635,2.1501960424494555e-05,0.0
636,3.595403890064211e-05,0.0
637,0.0001217208235722,0.0
638,12.465265284123545,12.57948223912557
639,2.950618441068366e-05,0.0
640,0.0002849464127964,0.0
641,3.893250035144567e-05,0.0
642,0.0001020038925894,0.0
644,9.295568698899674e-05,0.0
645,0.0005750506741088,0.0
646,2.163759318822097e-05,0.0
649,0.000396441664316,0.0
650,1.321341897125163e-05,0.0
652,10.326223997857849,10.657713159919435
653,5.470940140862449e-05,0.0
655,7.537069930834203e-05,0.0
656,0.0002106622498967,0.0
657,0.0004600182082567,0.0
658,3.2119092932922536e-05,0.0
659,5.9518259534547094e-05,0.0
662,4.5006326220226934e-05,0.0
663,3.9942656782723115e-05,0.0
664,1.618663807092746e-05,0.0
665,5.725658651541742e-05,0.0
666,1.3619189891789328e-05,0.0
667,8.702142334477786,8.523637403265779
669,0.0001073817257059,0.0
670,1.21405552532577e-05,0.0
671,1.112076712633056e-05,0.0
672,6.309578121069969e-05,0.0
673,8.552654424967227e-06,0.0
674,1.6436559952231748e-05,0.0
675,6.280392663188102e-06,0.0
677,6.124955441096172e-05,0.0
678,3.6515027701269296e-05,0.0
679,3.371440627959177e-05,0.0
680,0.000218639969589,0.0
683,4.305998623695843e-05,0.0
684,4.139375460060717e-05,0.0
686,8.193808211850724e-06,0.0
687,2.5491602972973977e-05,0.0
688,0.000130769730247,0.0
689,4.6873391124297775e-05,0.0
690,2.173865095148041e-05,0.0
691,1.6974196018388496e-05,0.0
692,6.9612331506779626,0.0
693,7.435541381640457,7.429983911746194
694,6.90154711101437e-05,0.0
697,5.104851170283644,6.349925960435606
698,1.566823319941955e-05,0.0
699,0.0001795619575609,0.0
700,3.8729103127558896e-05,0.0
701,0.000125834346848,0.0
702,1.4822106593305264e-05,0.0
703,3.2998946704143964e-05,0.0
704,2.4222629437089103e-05,0.0
706,1.7515322509668772e-05,0.0
707,0.0001036833983336,0.0
708,6.325669517461928,7.557463240458334
709,4.348333468862629e-05,0.0
710,1.0181040763860664e-05,0.0
711,1.080380089726515e-05,0.0
712,0.0001202154088792,0.0
713,0.0003177843958103,0.0
714,0.0002050194807393,0.0
715,4.269686865846042e-05,0.0
716,0.0001802665785853,0.0
717,0.0008321267177944,0.0
718,8.766862290120233,7.409418218546275
719,0.0004447113152965,0.0
720,2.8976805874161197e-05,0.0
722,4.305244331312901e-05,0.0
724,3.718533385065383e-05,0.0
725,1.5088141644075213e-05,0.0
726,0.0001107982717944,0.0
727,3.2273590855477495e-05,0.0
728,1.3921248718246264e-05,0.0
729,0.000385919881044,0.0
730,12.054143831519768,11.980664391962758
732,2.4007753105214125e-05,0.0
734,2.402447118304096e-05,0.0
736,7.960589788710802,8.628769861802615
737,0.0004862147074153,0.0
738,8.861661467584198e-05,0.0
739,1.0001523235574135e-05,0.0
741,1.4745512503705792e-05,0.0
742,7.854731783116493e-05,0.0
743,5.31889655563381e-05,0.0
744,1.598319241583973e-05,0.0
745,1.0477280310014634e-05,0.0
746,4.540833661566347e-05,0.0
747,6.197341647074849e-06,0.0
748,6.401035599321949e-06,0.0
749,1.826932374786516e-05,0.0
750,1.841211834940897e-05,0.0
751,5.391731783152644e-06,0.0
752,2.9874633781357784e-05,0.0
753,8.651491902414175,8.952028033089825
755,0.0002799250847332,0.0
756,1.39430558214847e-05,0.0
757,4.910022838501664e-05,0.0
758,0.0002168505340311,0.0
759,5.359212004928939e-05,0.0
760,8.6489314851783e-06,0.0
761,3.967121740252105e-06,0.0
762,4.3767993192408886e-05,0.0
763,0.0001135391408172,0.0
764,3.554076654900145e-05,0.0
765,6.610843698523902e-05,0.0
766,1.453020536874826e-05,0.0
767,1.2484230562970738e-05,0.0
768,1.7318818239781292e-05,0.0
770,0.0001249052838735,0.0
771,8.427701200584666e-06,0.0
772,6.472002585279728e-05,0.0
773,3.059447673379734e-05,0.0
775,7.42814617184344e-06,0.0
777,5.206665424253793e-06,0.0
779,8.23794190311853e-06,0.0
780,0.0001108392222776,0.0
781,7.26904953424496,5.253014381146125
782,7.268783165014894e-06,0.0
783,6.790297783367268e-06,0.0
784,0.000291487861278,0.0
785,1.8733161007974123e-05,0.0
786,0.0001583325638069,0.0
787,6.331480941472959,5.734139107317883
788,2.324549281846229e-05,0.0
789,7.935170120793203,7.353144855828331
792,3.2003176707126116e-05,0.0
793,5.360287327435918e-06,0.0
794,6.273802218127287e-05,0.0
795,9.42996076883966,9.339854914254616
796,8.19149305348243,8.385316069682176
797,6.799435391958847e-05,0.0
799,1.739054459261784e-05,0.0
800,9.86884995265438,9.836147844266428
801,1.4241051558865927e-05,0.0
802,5.283187076312271e-06,0.0
803,8.635810230443912e-05,0.0
804,7.109334623827554e-05,0.0
805,2.106373630340871e-05,0.0
809,1.9070131023492608e-05,0.0
810,8.207719510623775e-05,0.0
811,3.232994002931652e-05,0.0
812,9.274970307185516e-05,0.0
813,11.052494352269758,9.858669868303075
814,2.403314316270256e-05,0.0
815,9.383474486099309e-05,0.0
816,5.657697710339699e-05,0.0
817,6.792785349764629e-05,0.0
818,1.7931584603639394e-05,0.0
821,2.6307214432372484e-05,0.0
822,0.0001690482374658,0.0
823,5.68015005112958e-06,0.0
825,0.0001167243643436,0.0
826,1.1608298910640204e-05,0.0
827,7.455660944572465,7.667308771897806
828,11.604483938720865,11.72457251823423
829,8.898027843961505e-06,0.0
830,0.0025537529595358,0.0
831,5.178463275586151e-06,0.0
832,8.889917846091138e-05,0.0
833,8.723712448429133,7.182640143783497
834,1.842017315531219e-05,0.0
835,9.94761386568594e-05,0.0
836,5.056836944919317e-06,0.0
837,0.0001541373942535,0.0
838,2.7923660346102865e-05,0.0
839,1.9225661937368372e-05,0.0
840,8.178219133423065,8.275462529204047
841,0.0003928147321798,0.0
842,0.0001089918477469,0.0
843,5.073620519800739e-06,0.0
844,3.609693319535679e-05,0.0
845,1.828800547296513e-05,0.0
846,0.0036619978313918,0.0
847,2.909994010375212e-05,0.0
850,4.768225683971668e-05,0.0
851,1.4097566843827487e-05,0.0
852,4.609090617466842e-05,0.0
853,6.861748335710098,7.399243758779108
854,11.240496062911944,10.832365195844133
855,8.107977960452948e-05,0.0
856,0.0002297494803812,0.0
857,2.6926452023319463e-05,0.0
858,8.640854825798105e-06,0.0
859,2.1264682906072323e-05,0.0
860,9.374796134545332e-06,0.0
861,6.929513377494963e-05,0.0
863,4.1083119426815225e-05,0.0
864,2.716490531503391e-05,0.0
865,0.0001601519364143,0.0
866,4.285406717343739e-05,0.0
867,8.240965093054463,8.503651523203114
868,3.9270853692195306e-05,0.0
869,4.3995896795316374e-05,0.0
870,6.068540333372713,7.32004885126295
871,6.798897772073871,6.888434228285142
872,3.7340001650050985e-06,0.0
873,5.38402471278191e-06,0.0
874,4.695979119440256e-05,0.0
875,6.858607361768809e-06,0.0
876,5.5993257187268746e-05,0.0
877,7.725092133416503e-05,0.0
878,0.0004784187140312,0.0
879,1.8919345685495707e-05,0.0
880,7.533028916271012e-05,0.0
881,2.8707911482054274e-05,0.0
882,8.656998125504189e-06,0.0
883,6.98619456778744e-05,0.0
884,4.878419049142473,6.0083403216223825
885,4.7969458898400576e-05,0.0
886,4.2262230782540305e-05,0.0
887,1.56110344304331e-05,0.0
888,3.955152593127455e-06,0.0
889,4.764579791063516e-06,0.0
892,7.183015589258782,7.157002804744288
893,7.123175732540816e-06,0.0
894,9.0132708561467e-05,0.0
895,0.0001566711057714,0.0
896,1.5244624031719946e-05,0.0
897,3.930722010594184e-06,0.0
898,0.0002291998841035,0.0
899,7.80138172792029e-06,0.0
900,2.8121992032889447e-05,0.0
902,1.5369673138649586e-05,0.0
903,8.31498803194974,8.360571542523438
904,5.100372656799111e-05,0.0
905,1.0273055224644573e-05,0.0
906,3.065231272952517e-05,0.0
907,8.153318755498397e-05,0.0
908,6.035976578365588,6.285211609102025
909,9.235550206523412,8.27653364294091
910,0.0001324852908716,0.0
911,8.15535134081265e-05,0.0
912,0.0001210838941601,0.0
914,2.02386303908601e-05,0.0
916,7.653002471852881,7.724026629616389
917,9.93592212881828e-05,0.0
918,8.780989039662634e-05,0.0
919,4.701169044378816e-05,0.0
920,2.389342636317764e-05,0.0
921,7.612870361612084e-05,0.0
923,6.576102032045675e-05,0.0
924,2.675932193124804e-05,0.0
925,5.853582206239393e-05,0.0
926,5.161615488328132e-05,0.0
927,2.8295649465648768e-05,0.0
928,7.42419641426216e-05,0.0
929,7.308121510509571,6.516356590185693
930,5.719559717115664e-05,0.0
931,0.0001861272416075,0.0
932,3.037993824422596e-05,0.0
933,1.3812305296384858e-05,0.0
934,2.862219696464256e-05,0.0
935,1.3615097275278404e-05,0.0
936,0.0002487585383503,0.0
937,7.912200120413098e-05,0.0
938,0.000588639720839,0.0
939,0.0001237753779091,0.0
941,1.5293022309354136e-05,0.0
942,0.0003455582563331,0.0
943,3.937893326044082e-05,0.0
944,2.4001011630980765e-05,0.0
945,0.0001043206300851,0.0
946,1.967632601446726e-05,0.0
947,0.0001000594171911,0.0
948,6.339887065494235e-05,0.0
949,8.143207124291894e-05,0.0
950,7.47769340468283e-05,0.0
952,7.887630134677272e-06,0.0
953,0.0001070832107698,0.0
954,2.6282871153824365e-06,0.0
955,6.726795508771011e-05,0.0
956,7.026473077274878e-05,0.0
957,1.5867056621845436e-05,0.0
959,1.5069968972621722e-05,0.0
960,0.0001100185969603,0.0
962,1.6400553128743307e-05,0.0
963,8.08152063431946e-05,0.0
964,6.903519098749356,8.212044698646128
965,0.0001189331780447,0.0
967,6.122694116119826e-05,0.0
968,0.0002699095831202,0.0
969,1.622662186624905e-05,0.0
970,3.6430058512644405e-05,0.0
972,7.264506915866819e-05,0.0
973,2.3237005826393904e-05,0.0
974,0.0001185060595132,0.0
975,9.180199152355648,10.876242675813856
976,1.2506651500849283e-05,0.0
977,3.224236511412389e-05,0.0
978,7.72067767899891e-05,0.0
979,6.341459301659136e-05,0.0
981,9.061030508544884e-05,0.0
982,6.081991646364665e-06,0.0
983,0.0002864582360523,0.0
984,1.727935328740646e-05,0.0
985,1.720239363470205e-05,0.0
987,7.568733108877781e-05,0.0
988,7.909511702470322e-06,0.0
989,8.652192703336311e-06,0.0
990,9.977662394139683,10.193636016865646
991,4.495113982173116e-05,0.0
992,3.4954491436223256e-05,0.0
993,4.628213885911025e-05,0.0
996,7.96221759022334e-05,0.0
997,10.263554784641007,11.177215810692505
998,8.335127756010685e-05,0.0
999,9.16056941413296e-05,0.0
1000,0.0001735296110668,0.0
1001,1.4427152866093418e-05,0.0
1003,6.351479592980051e-06,0.0
1004,5.6156951613235446e-05,0.0
1005,1.2013270227314395e-05,0.0
1006,5.103771308500152e-05,0.0
1007,8.416934072211042,7.85723840798399
1008,2.2201210105338997e-05,0.0
1009,9.410073735170323,9.738804923475985
1010,1.0665602936184846e-05,0.0
1011,0.0001338492250688,0.0
1012,0.0001838510164149,0.0
1013,3.435742762235527e-05,0.0
1014,11.084775265078283,10.201973603481216
1015,0.0004145389526433,0.0
1016,6.918185021668276e-05,0.0
1017,7.214966247836321e-06,0.0
1018,6.716404395626205e-05,0.0
1019,6.586674344809333e-05,0.0
1020,0.0001269047780082,0.0
1021,1.0018744131342977e-05,0.0
1023,10.471498648308094,11.190169292037034
1024,2.549375398919795e-05,0.0
1026,2.804776545730148e-05,0.0
1027,5.324409164961185e-06,0.0
1028,0.0001451997521545,0.0
1029,3.4187022724252184e-05,0.0
1030,4.904101037563186e-05,0.0
1031,2.574804834188734e-05,0.0
1032,10.750804293301714,7.885381615425303
1034,0.0001974956604487,0.0
1035,5.2793707333832695e-05,0.0
1036,2.8315701108225095e-05,0.0
1037,5.751602296578833e-05,0.0
1038,8.071125731641754e-06,0.0
1039,1.6915029096923885e-05,0.0
1040,5.754296588335568e-05,0.0
1041,1.894767791686652e-05,0.0
1043,10.288645103771024,10.36301190433713
1044,0.0001387958198054,0.0
1045,2.8708780397127342e-05,0.0
1046,6.812454932071332e-05,0.0
1047,5.1074691671414126e-05,0.0
1048,8.857769730082857e-05,0.0
1050,2.6323194268802253e-05,0.0
1051,3.080337261493542e-05,0.0
1053,5.7293456011603005e-05,0.0
1054,5.134434504555444e-06,0.0
1055,2.0745754296739563e-05,0.0
1056,2.854754893325668e-05,0.0
1057,7.076140560988572e-05,0.0
1058,8.201007385808303,8.268514944096692
1059,7.202638275958635e-06,0.0
1060,10.18519470826913,7.16678085436208
1061,0.000126189937083,0.0
1062,6.621382624091103e-05,0.0
1064,5.650315363041518e-05,0.0
1065,6.696619117980367e-06,0.0
1066,0.0001942005310223,0.0
1068,9.293734873421537,8.010472942119915
1069,0.0002072533161738,0.0
1070,4.490580114588287e-05,0.0
1071,0.0001100502283311,0.0
1072,7.843449982996645,8.034024296472563
1073,7.489277709947097,7.460160325296495
1074,3.250319176394517e-05,0.0
1075,3.61179858869497e-05,0.0
1076,9.099208553899007e-05,0.0
1077,0.000173567394726,0.0
1078,5.288446679516411e-05,0.0
1079,9.963950767088368e-05,0.0
1080,3.4184811128113356e-05,0.0
1081,4.653403946885306e-05,0.0
1082,5.168625851202667,5.251756859783515
1083,4.32042770950091e-05,0.0
1085,0.0001412153074709,0.0
1087,4.6136649747936607e-05,0.0
1091,0.0005316240934632,0.0
1092,0.0001287345159184,0.0
1093,3.7117156191671376e-05,0.0
1094,8.644520894792246,7.96961250306402
1095,3.007600053400292e-05,0.0
1096,5.868895873381424e-05,0.0
1097,6.667334741172143e-06,0.0
1098,1.4220869311002266e-05,0.0
1099,4.127922603249934e-05,0.0
1101,9.374710639070576e-05,0.0
1102,2.3894584566888255e-05,0.0
1104,6.460915412901723,6.114442029238874
1105,9.739638030911522,9.470638778682671
1106,0.0001426297501037,0.0
1107,0.0002625707768148,0.0
1109,4.591317606971014e-06,0.0
1110,7.726112855856342,7.873676176760822
1111,0.0003161794089025,0.0
1112,2.257152250655264e-05,0.0
1113,0.0003996108910233,0.0
1114,1.3063835275865023e-05,0.0
1117,0.0001512120967203,0.0
1118,0.0001096840584428,0.0
1119,5.586638153330128e-05,0.0
1120,3.798804486600502e-05,0.0
1121,4.789525272043925e-06,0.0
1122,0.0001063911114476,0.0
1123,4.550042160036811e-05,0.0
1124,1.3200267357342996e-05,0.0
1126,1.0418143764214549e-05,0.0
1127,9.557459112043844e-06,0.0
1128,0.0003176250106933,0.0
1129,7.329512378247657e-06,0.0
1130,7.516470071946482,7.389688639791802
1131,0.0001128796387833,0.0
1132,2.888235244967003e-05,0.0
1133,4.648121598031843e-06,0.0
1134,7.862823795181002e-06,0.0
1135,2.689036504592239e-05,0.0
1136,2.389323381483876e-05,0.0
1137,3.528462400674981e-05,0.0
1139,3.3433797084745345e-05,0.0
1140,0.0001438571931169,0.0
1141,1.9903857185390396e-05,0.0
1142,3.74013351200169e-05,0.0
1143,7.245867678007182e-05,0.0
1144,0.0001045622363885,0.0
1145,6.300632601554875,5.973861387546024
1147,0.0002413728709426,0.0
1148,5.512543508899278e-06,0.0
1149,3.794082823608758e-05,0.0
1150,5.224509513500908e-05,0.0
1151,6.983989691722275e-05,0.0
1152,8.858010764409527e-05,0.0
1153,1.453200024106101e-05,0.0
1154,12.581889064957412,12.68156783905035
1155,8.098138049031869,7.519982906891393
1156,4.70662122519435e-06,0.0
1157,4.597333914392227e-05,0.0
1158,7.079301024999367e-05,0.0
1159,9.888492490321804e-05,0.0
1160,1.0936483648294337e-05,0.0
1161,8.30066622996026e-06,0.0
1162,6.6997413514422215,6.773821312329219
1163,1.2141271464378294e-05,0.0
1164,0.0001103567767519,0.0
1165,6.885199125547557e-05,0.0
1166,4.511066376575679e-05,0.0
1167,0.000172062023473,0.0
1168,1.1738912437967137e-05,0.0
1169,0.0001423583164115,0.0
1170,9.072338492497588,9.154833582609852
1171,6.32506016192407e-05,0.0
1172,0.0002267144006928,0.0
1173,7.507353003606887e-05,0.0
1174,1.2753700801340684e-05,0.0
1176,2.3654553923127535e-05,0.0
1177,1.0468978583809011e-05,0.0
1178,6.397349217757698e-05,0.0
1179,3.355550067120234e-05,0.0
1180,2.8123802601610733e-05,0.0
1181,8.394426512389915,7.388027690425857
1182,3.3713575154387794e-05,0.0
1183,5.912055018410612e-06,0.0
1184,0.0002939998494467,0.0
1186,5.223766104252256e-06,0.0
1187,9.187176741534476,7.249320138164525
1188,0.0001138663390824,0.0
1189,0.0001819863800379,0.0
1190,0.0001058908438998,0.0
1191,9.220834544432596e-06,0.0
1192,0.0001019549228962,0.0
1193,9.32311678272733e-05,0.0
1194,2.55049939265506e-05,0.0
1195,0.0001045518939987,0.0
1199,5.5120598112032415e-06,0.0
1200,1.4602658108927046e-05,0.0
1201,6.521534511823575e-05,0.0
1202,3.210141389320192e-05,0.0
1203,1.5076443976313309e-05,0.0
1204,3.702536370054765e-05,0.0
1205,0.0002014974568994,0.0
1207,0.0003481837786859,0.0
1208,4.451936459160574e-05,0.0
1209,2.8904429859679556e-05,0.0
1210,8.593486291406639e-06,0.0
1212,4.005700435548053e-05,0.0
1213,5.948376539920347e-05,0.0
1215,4.9354922469462786e-06,0.0
1216,4.9745904955334334e-05,0.0
1217,0.0001927250934209,0.0
1218,1.6946736302118167e-05,0.0
1220,1.268242332167896e-05,0.0
1222,4.7487367986267205e-05,0.0
1224,3.905868190780224e-05,0.0
1225,6.931810469716877e-06,0.0
1226,6.807984656218453,6.69857241779743
1227,0.000154791615383,0.0
1228,2.176606084613452e-05,0.0
1229,0.0002252251948708,0.0
1230,7.559511970665244e-05,0.0
1231,1.962267820282715e-05,0.0
1232,7.568303162533028e-05,0.0
1233,7.273429893055208e-06,0.0
1234,6.521397613161053e-05,0.0
1235,6.873892326477527e-05,0.0
1236,8.8250019073929,8.868212288280779
1237,1.0752558623632804e-05,0.0
1238,1.140143766923538e-05,0.0
1239,3.6394954877570576e-06,0.0
1240,7.150451828547003e-06,0.0
1241,8.942722682861958e-06,0.0
1242,7.698506850926204,10.981298828260009
1243,3.3296022714598866e-05,0.0
1244,6.180771098292352e-05,0.0
1245,5.913316233764395,6.051285766619795
1246,12.71267190433336,7.401971823710148
1247,2.5363739191373876e-05,0.0
1248,6.2860441228868655,5.7437075826954604
1249,7.932927000544182e-06,0.0
1250,9.270085445942144e-06,0.0
1251,7.318213614490769e-05,0.0
1252,0.0002783565219485,0.0
1253,0.0001201753061138,0.0
1255,3.80003098651573e-05,0.0
1256,2.131939618912098e-05,0.0
1257,7.919898860881735,8.21797384020182
1258,1.8725991050029424e-05,0.0
1259,6.86953221986709e-05,0.0
1260,0.0012249642811694,0.0
1262,8.628505091738843,9.024133513545264
1263,5.4753220981629855e-05,0.0
1264,2.844642058086764e-05,0.0
1265,8.854878400824315e-05,0.0
1266,2.901817184668072e-05,0.0
1267,3.1289700157711856e-05,0.0
1268,6.13311292102538e-06,0.0
1269,4.611095711065825e-06,0.0
1270,0.0001175907650944,0.0
1271,6.6223933685618155,6.3372492616889184
1272,2.739073203776459e-05,0.0
1273,3.68690209159311e-05,0.0
1274,4.818751812074051e-05,0.0
1275,5.727471434597501,5.754238515064824
1277,2.2045406582428688e-05,0.0
1280,8.694905859986257,7.646987261675654
1281,7.678265358341644e-05,0.0
1284,2.9125990424928035e-05,0.0
1285,3.523171068981668e-05,0.0
1287,1.9867300736769422e-05,0.0
1288,5.268610604941881e-06,0.0
1289,2.0089425688368863e-05,0.0
1290,6.780666752458428e-05,0.0
1291,7.18178078372182e-05,0.0
1292,2.113382030416766e-05,0.0
1293,4.010068295934311e-05,0.0
1294,0.0001278550811162,0.0
1295,0.0001629329019495,0.0
1296,6.257073806289779e-05,0.0
1297,4.403239837459327e-05,0.0
1298,1.890299518543905e-05,0.0
1300,1.2277981738119452e-05,0.0
1301,0.0001447643180082,0.0
1303,9.783956053053791e-06,0.0
1304,6.539053846011835e-06,0.0
1306,8.167557568326986e-05,0.0
1307,2.526396225115612e-05,0.0
1308,5.320265898885875e-06,0.0
1309,4.71551978303627e-06,0.0
1310,3.6651701403779694e-05,0.0
1311,9.951618206167068e-06,0.0
1312,1.7514901591206046e-05,0.0
1313,1.145162373860365e-05,0.0
1315,6.155104787531608,7.020297781681552
1316,0.0008809131524725,0.0
1317,0.0003048120660099,0.0
1318,6.188283698196632e-06,0.0
1320,6.248146851950416,6.211450182952006
1321,6.699299661837136e-05,0.0
1322,3.65362766699811e-05,0.0
1323,4.0675789992784635e-05,0.0
1324,8.903840450031649e-05,0.0
1325,1.6580952150695714e-05,0.0
1326,5.843580015012778,6.060613262672351
1327,6.968901817007712,7.045903946403692
1328,1.2915069718437763e-05,0.0
1329,0.0002018896110533,0.0
1331,7.840338158646951e-06,0.0
1332,1.9846121455195743e-05,0.0
1333,8.05015852580419,7.671040910170582
1334,4.1319914730394026e-05,0.0
1335,3.2132535076486845e-05,0.0
1336,0.0003323556289843,0.0
1337,9.183857659136304e-05,0.0
1338,0.0002804807514499,0.0
1340,7.354593539468975e-05,0.0
1341,0.0001122605265582,0.0
1342,2.740124564827239e-05,0.0
1343,0.0001234776049192,0.0
1344,2.50256620655966e-05,0.0
1346,2.1187637622544088e-05,0.0
1347,4.952390751074634e-05,0.0
1348,0.0001598532488901,0.0
1349,1.2419174775918275e-05,0.0
1350,8.771616351681416,0.0
1352,4.206036575492378e-06,0.0
1353,0.0001184908283443,0.0
1354,5.814845792365477e-05,0.0
1355,4.623733515322023e-05,0.0
1356,0.0002741116451791,0.0
1357,7.490884010438101e-05,0.0
1358,8.66413312919396,7.9702221052793245
1359,3.1603624288763746e-05,0.0
1360,11.260100321548034,11.651541065029438
1361,2.9467025248890975e-05,0.0
1362,7.465850199238072,7.301980910259245
1363,8.416842743327027,8.87364087633191
1364,8.790912890308961,6.434975446513455
1365,0.0004900691582237,0.0
1366,3.314609950934201e-05,0.0
1367,5.019495310268416e-05,0.0
1368,7.350163604631078e-06,0.0
1370,1.7933558705664398e-05,0.0
1371,0.0003896347149723,0.0
1372,5.948142298916607e-05,0.0
1373,0.0002418159630043,0.0
1374,0.0001046590188229,0.0
1375,0.000117507254943,0.0
1376,4.673776869581916e-06,0.0
1377,0.0001650629665872,0.0
1379,7.505489111757623,7.74782943061783
1380,8.953368060951698,8.765170886883565
1382,13.75908167134565,9.621526377808609
1383,2.7182683677431557e-05,0.0
1384,0.0001384451005284,0.0
1385,9.859170102342984e-05,0.0
1386,1.5217716824462808e-05,0.0
1388,5.048819354476411,5.046158724661943
1389,1.5177666804542148e-05,0.0
1390,8.002386268490966e-05,0.0
1392,6.012710570604116e-05,0.0
1393,5.340296798227594e-05,0.0
1394,0.0001413497161194,0.0
1395,7.748320999464234e-05,0.0
1397,3.334500943073359e-05,0.0
1398,1.6269486192708228e-05,0.0
1399,1.4003919173592996e-05,0.0
1400,4.3355134785038274e-05,0.0
1401,0.0001650385161588,0.0
1402,4.030170322098367e-05,0.0
1403,0.0001231054557999,0.0
1404,1.8298259903137657e-05,0.0
1405,6.583755957335319e-05,0.0
1406,6.518690902006982e-05,0.0
1407,0.0001374342945352,0.0
1408,7.037982181775744e-05,0.0
1409,1.0334254387731267e-05,0.0
1412,3.119459008737483e-05,0.0
1413,0.000202952502801,0.0
1414,11.501151159381964,0.0
1415,2.0423823195283956e-05,0.0
1417,5.851099287456936e-05,0.0
1418,1.0151967839536616e-05,0.0
1419,6.091020191788998e-06,0.0
1420,4.4114156633578915e-05,0.0
1421,5.213982169502087e-05,0.0
1422,9.53210395750393e-05,0.0
1423,3.902005701258892e-05,0.0
1424,0.0004511211642602,0.0
1425,1.9792001311632324e-05,0.0
1426,7.984524655783873,8.562562183406072
1427,3.853520902304353e-05,0.0
1428,5.449631254966732e-05,0.0
1429,2.062003877570402e-05,0.0
1430,6.34551858895924,6.397858630550817
1431,3.9423333234259975e-05,0.0
1433,2.0819019575639468e-05,0.0
1435,0.0001072576229874,0.0
1436,8.890879467025368e-05,0.0
1437,2.7036931116923977e-05,0.0
1438,0.0003227881503926,0.0
1439,0.000414422224043,0.0
1440,1.2894469135775124e-05,0.0
1441,9.65515100323709e-05,0.0
1442,5.309714439923925e-05,0.0
1443,9.77278208597758e-06,0.0
1444,8.337655424509308,8.164948875511117
1445,5.7631498634096565e-06,0.0
1446,9.338174945666134,9.857596393737671
1447,0.0001767775915241,0.0
1448,7.862068196283016,8.671264500183304
1449,1.1680823288998891e-05,0.0
1450,5.35189598206728e-05,0.0
1451,0.0001409258083056,0.0
1452,6.846789883244577,6.622449929305903
1453,8.58805712926686e-06,0.0
1454,5.534748415413118e-06,0.0
1455,0.0001086433465406,0.0
1456,8.478199987925818e-05,0.0
1457,8.23743405424743,10.330605484548258
1458,4.228362201151164e-06,0.0
1459,4.5603713581077925e-05,0.0
1461,5.7317299508026494e-05,0.0
1462,1.6548708506031948e-05,0.0
1463,3.96760641511585e-05,0.0
1464,6.214237365293199,6.49768803640847
1465,6.216213088949569e-05,0.0
1466,6.475808156666456,6.643864905383681
1467,9.189373986737296e-05,0.0
1469,9.892299380701791,10.449254469712342
1470,0.0003513129133617,0.0
1471,5.72750458283672e-05,0.0
1472,3.0222122090566955e-05,0.0
1473,8.511448348757437,7.958621159459928
1474,4.251290006128449e-05,0.0
1476,4.528215911713182e-06,0.0
1477,1.1156484812935892e-05,0.0
1478,0.0001486632793056,0.0
1479,0.0004197158922694,0.0
1480,3.788627861723902e-05,0.0
1481,7.89785493307824,7.792740029847536
1482,7.036420284172993,7.442457395211885
1483,7.519607151288462e-06,0.0
1484,2.9931152862051673e-05,0.0
1485,7.267597316177507e-05,0.0
1486,0.0004017920877664,0.0
1487,4.634748301855566e-06,0.0
1488,0.0001216011144113,0.0
1489,4.7172180647478464e-05,0.0
1490,0.0004666188226386,0.0
1491,5.588672605139456,6.156159664007061
1492,0.0001466897179134,0.0
1494,3.3319572024093346e-05,0.0
1495,4.2007126212548096e-05,0.0
1496,6.0319531587323154e-05,0.0
1498,8.98007815031269e-06,0.0
1499,0.0002443164691316,0.0
1500,0.0001472229146981,0.0
1502,3.9022309836930845e-05,0.0
1503,9.836669527143426e-05,0.0
1504,1.96863411961947e-05,0.0
1505,5.609855815692577e-05,0.0
1507,0.0001437301796871,0.0
1508,11.231012617102232,10.985103162367572
1509,0.0001901552379417,0.0
1510,0.0001732136701444,0.0
1512,3.346816774405737e-05,0.0
1513,2.25657610287199e-05,0.0
1514,12.291376366593871,11.443174812204804
1515,2.775726503701037e-05,0.0
1516,4.393414537828888e-05,0.0
1517,5.245697267765055e-05,0.0
1518,4.479659594861738e-06,0.0
1519,1.5845078716611468e-05,0.0
1520,6.787899343462418,8.379802424857564
1521,0.000214505008208,0.0
1522,7.413704711011335,7.625791798412525
1523,6.651345637098812,6.670378459807698
1524,2.829910590459625e-05,0.0
1525,6.129136729011044,5.790290549443471
1526,0.0001261315139376,0.0
1527,6.8197556336229485e-06,0.0
1528,0.0001041447222438,0.0
1530,0.0001301752146513,0.0
1531,0.0003364901083597,0.0
1532,8.227081923620876e-05,0.0
1533,0.0001542333719734,0.0
1534,0.0001501372353113,0.0
1535,3.982903696877167e-05,0.0
1536,11.075147193309654,10.87108577863324
1537,6.048499335731315,6.433578310502124
1538,2.21965050405389e-05,0.0
1539,6.21126120259487e-05,0.0
1540,6.262688963506114e-05,0.0
1541,6.943050677593514,7.947179159540766
1542,5.222372892038745e-05,0.0
1543,0.0002871111669106,0.0
1544,9.817155785781324,10.174448037742634
1545,0.0001130102429825,0.0
1546,0.0001238408943204,0.0
1547,4.555770056115061e-06,0.0
1548,7.755669505849646e-05,0.0
1549,4.179597187125112e-05,0.0
1550,3.163292952824028e-05,0.0
1551,2.436105389232924e-05,0.0
1553,0.0004617521012686,0.0
1557,3.6859763011269246e-05,0.0
1558,4.923768420348389e-05,0.0
1559,5.2436516238432174e-05,0.0
1560,5.470852308609475e-05,0.0
1561,1.2503622441212215e-05,0.0
1563,6.037026597282669,6.217099719783913
1564,9.47334158895119e-05,0.0
1565,9.396652652082947,8.510423771797768
1566,0.0001986784930221,0.0
1568,8.435597611320356e-05,0.0
1569,3.722473864657569e-05,0.0
1571,0.0001344361293724,0.0
1572,3.2662193709174216e-05,0.0
1573,5.190950946522087e-06,0.0
1575,4.603322520603279e-06,0.0
1576,1.1244747062831176e-05,0.0
1577,6.081861348659493e-05,0.0
1578,8.000832560820855e-05,0.0
1579,5.091554727807501,5.209156726442153
1580,5.984103625134171e-06,0.0
1581,3.893364507575035e-05,0.0
1582,6.189965823203458e-05,0.0
1583,7.467573701977573e-05,0.0
1584,10.333020004624526,9.36616876441634
1585,0.0001043170846503,0.0
1586,8.761845652773409e-05,0.0
1587,9.028093038187568e-05,0.0
1588,7.235731380497685e-06,0.0
1589,8.486377873022706,8.539017749237146
1590,3.297913085076418e-05,0.0
1591,4.491308934115688e-05,0.0
1592,8.914157452988173,8.590364824964674
1594,0.0001200537373717,0.0
1595,1.1581044179024876e-05,0.0
1596,1.3240084868092345e-05,0.0
1597,0.0001497807087263,0.0
1598,5.778525433996209e-06,0.0
1599,7.894388920743965,7.30751509632173
1600,1.6651449299864695e-05,0.0
1601,0.000609408873177,0.0
1602,1.287018047449046e-05,0.0
1603,0.0001251746905541,0.0
1604,0.000119119461262,0.0
1605,6.593217952471462e-05,0.0
1607,0.0001238280016832,0.0
1608,5.738372221324248e-06,0.0
1609,0.0001006099887346,0.0
1611,9.607089092912374e-06,0.0
1612,1.475046501414393e-05,0.0
1613,7.462373079167722,7.623914339790089
1614,3.4555634073232115e-05,0.0
1615,2.4788689719969296e-05,0.0
1617,6.806526204985342,7.674972895860714
1618,1.5584053829256138e-05,0.0
1620,0.0002829398826657,0.0
1621,0.0008616996344376,0.0
1622,0.0001166966648732,0.0
1625,5.549460109902974e-05,0.0
1626,3.2984879638304214e-05,0.0
1627,7.41832586722575e-05,0.0
1628,6.870527215096349,6.841103199999892
1629,0.0003742717333498,0.0
1630,8.169282299117798,8.626991621837076
1631,6.777651732982734e-05,0.0
1632,0.0002832747114955,0.0
1633,0.0001057270904188,0.0
1634,1.569202890956861e-05,0.0
1635,9.83334402423992,13.668059093941817
1636,0.0002714730544287,0.0
1637,5.533362050632304,7.965837565938556
1638,8.058568290454253e-05,0.0
1640,5.954506756340579e-06,0.0
1641,0.0002863480212794,0.0
1642,0.0006040430977942,0.0
1643,2.110677608555484e-05,0.0
1645,9.719842582738402e-05,0.0
1646,3.308199521826157e-05,0.0
1647,7.026552143172536e-06,0.0
1648,0.000525908925813,0.0
1649,0.000140812470506,0.0
1650,1.256219970961188e-05,0.0
1652,6.8271027531757635,7.3557036668328815
1653,1.602765115329432e-05,0.0
1654,1.7011859030280296e-05,0.0
1655,5.975531547289738e-06,0.0
1656,0.0001122235502822,0.0
1657,8.382663725857832,8.483774188084107
1658,2.3551131938468043e-05,0.0
1659,3.641683241677256e-05,0.0
1660,0.0001227720761222,0.0
1661,0.000113780423267,0.0
1662,9.88663723864294,11.062250064938818
1663,3.937214695913823e-05,0.0
1665,8.730888320805015e-05,0.0
1666,9.292915527602796e-06,0.0
1667,3.676825545509953e-05,0.0
1669,9.027942803889672e-06,0.0
1670,2.252711624007952e-05,0.0
1671,0.0001143927478785,0.0
1672,5.902352214090392e-05,0.0
1673,9.929980756050432,10.280000739720903
1674,0.0004784526136401,0.0
1675,7.114334796090309e-05,0.0
1676,7.628319243653052,7.076639131135899
1677,2.98207503190675e-05,0.0
1679,5.6043396692167205e-05,0.0
1680,7.460594757176063e-05,0.0
1681,1.4068906687165695e-05,0.0
1683,8.687435390419826e-05,0.0
1684,4.11377856974421e-05,0.0
1685,4.467340393718207e-05,0.0
1686,3.465922638310893e-05,0.0
1687,2.266744074176297e-05,0.0
1688,1.1294730377299143e-05,0.0
1689,0.0004062179161377,0.0
1690,6.82545675681827,6.675615478482674
1691,3.350799409817019e-05,0.0
1692,8.19678049582888e-05,0.0
1694,10.51740815071668,7.185340666270153
1695,4.942547149960378e-05,0.0
1696,2.539371477579232e-05,0.0
1697,13.2721169862101,12.915860234326104
1699,7.741113738115063e-05,0.0
1700,2.4336294282484888e-05,0.0
1701,6.1908444412424055,6.342507647481455
1702,1.1792853183858286e-05,0.0
1703,0.0001241024290012,0.0
1704,4.082834539774063e-06,0.0
1705,9.411911735208772e-05,0.0
1706,6.570547404292752,6.480417750181611
1707,6.300328111262988,5.444495047417991
1709,10.336880228954351,9.95020264058141
1710,2.139179594635807e-05,0.0
1711,0.0003958457520233,0.0
1713,3.0011683521322914e-05,0.0
1714,5.5296035964585734e-05,0.0
1715,1.441442027612286e-05,0.0
1716,3.654529531358656e-05,0.0
1718,8.359174265218423,8.387191694933266
1719,0.0002325400496723,0.0
1720,4.94988272137979e-05,0.0
1721,2.1976484338425365e-05,0.0
1723,6.790485312096859,7.051539301278938
1724,8.043693666138284e-05,0.0
1725,0.000197139057873,0.0
1726,2.872846899903596e-05,0.0
1727,2.29152807585826e-05,0.0
1728,1.0592344620962095e-05,0.0
1729,4.029856779872485e-05,0.0
1730,5.812603329784221,8.764960868290915
1732,0.0001127784565635,0.0
1733,5.491398951810963,5.239893286784177
1734,2.7561230151671293e-05,0.0
1735,2.2151470020041647e-05,0.0
1736,7.40289015338161e-05,0.0
1737,7.104805842556903,6.474442148739867
1738,2.3197596600509844e-05,0.0
1739,8.320779460418695e-05,0.0
1740,5.996573057868351e-05,0.0
1742,8.498780864574437,5.841643736770438
1743,2.5611499140494717e-05,0.0
1744,7.041193476524087,6.789672502067509
1745,6.264255505505299e-05,0.0
1746,2.263542806966314e-05,0.0
1747,6.7192606189418975e-06,0.0
1748,7.893827334236966e-06,0.0
1749,6.982041501758685e-06,0.0
1750,0.0003475422865795,0.0
1751,0.0001511783529899,0.0
1752,5.779427520568436,5.8497839644961305
1753,5.9247733212866205,6.174143071280764
1754,8.559178977030358,9.404753072025102
1755,5.082567281295323e-05,0.0
1757,0.0001975511916193,0.0
1758,6.345807946259834e-05,0.0
1759,8.766178601456383e-05,0.0
1761,8.913661819681222,8.436489529605442
1762,13.938380346315498,7.77164251656889
1763,7.879695815199418e-05,0.0
1764,7.11545518054843,6.897750070958045
1765,1.4256391364500354e-05,0.0
1766,4.3864359986969974e-05,0.0
1767,6.45078729495987,6.9224895207130706
1768,1.4020134694485222e-05,0.0
1769,3.060653676921299e-05,0.0
1770,0.0011019863527298,0.0
1772,2.389110452099399e-05,0.0
1773,2.3475644357697256e-05,0.0
1774,6.8036323672478196e-06,0.0
1775,8.176228389169296,7.108440809301348
1776,7.186614435820985e-05,0.0
1777,0.0001199243858379,0.0
1778,9.287161652571222e-05,0.0
1779,2.8330397482966932e-05,0.0
1780,5.200925291517699e-05,0.0
1782,2.4055446122393655e-05,0.0
1783,0.0001384235424088,0.0
1784,0.0002365507959302,0.0
1786,4.451035589837106e-05,0.0
1788,3.5109918386975184e-05,0.0
1790,1.1294912396067096e-05,0.0
1791,8.645375978256306,8.533645112429936
1792,8.811661710004286,8.679651367786079
1793,4.5106208352523885e-05,0.0
1795,7.327606968029374e-05,0.0
1796,0.0001334918480172,0.0
1798,8.562847361015976e-06,0.0
1799,1.4686587027484758e-05,0.0
1800,4.0477016999556546e-05,0.0
1801,6.17453227884372e-05,0.0
1802,1.2952167247132803e-05,0.0
1803,0.0002006180862766,0.0
1806,3.931277294087579e-06,0.0
1807,8.76927370545027,9.230090209673921
1808,4.13288567705783e-05,0.0
1809,2.3124709400369835e-05,0.0
1810,5.199385807487537e-05,0.0
1811,6.263130192732235,7.678809324453465
1813,9.647336047816874e-05,0.0
1814,8.429935073855845e-05,0.0
1815,4.148862625619436e-05,0.0
1816,7.582489973648152e-05,0.0
1817,0.0002991545999238,0.0
1818,0.0002462059434292,0.0
1819,8.250130751469162e-05,0.0
1820,3.1145269404262246e-05,0.0
1821,3.891726798878599e-06,0.0
1822,8.407094977791196,7.8558321695525395
1823,8.741412299562282e-05,0.0
1824,0.0001545278668429,0.0
1825,1.6936004141847196e-05,0.0
1826,1.1065009156122195e-05,0.0
1827,2.59072799196963e-05,0.0
1828,6.393612503016201,5.811817357614635
1829,5.450703732471211e-05,0.0
1830,4.557174002595705e-05,0.0
1831,3.7372306231642983e-05,0.0
1833,7.728303163271587e-05,0.0
1834,6.0920957982459685,6.337356070063748
1835,3.90013802459888e-05,0.0
1837,1.1568052145487296e-05,0.0
1838,4.178888277495818e-05,0.0
1839,9.072509700114655e-06,0.0
1840,2.387595481645687e-05,0.0
1841,11.772840226308697,12.412114071818122
1842,1.2215692930495153e-05,0.0
1843,1.0483120082175858e-05,0.0
1844,6.124258547209224,7.23548540279201
1845,5.8440409738448936e-05,0.0
1846,4.004821975807502e-06,0.0
1847,6.594188842247546,6.936102251866109
1849,6.295382154311179,6.321802045349527
1850,2.682127206282135e-05,0.0
1851,2.9442377399479127e-05,0.0
1852,1.4538516579192314e-05,0.0
1853,7.154113157050179,7.248722375090831
1854,2.7572380062257724e-05,0.0
1855,0.0001549506745347,0.0
1856,5.2285500122115325,5.619487615824922
1857,1.7518509356608087e-05,0.0
1858,5.5484159568575175e-06,0.0
1859,0.0001327936058143,0.0
1862,0.000232578273505,0.0
1863,8.032483619901935e-05,0.0
1864,0.0001529303201999,0.0
1865,6.977855875991924,7.027197807595539
1866,8.299119507317615,8.005518806092189
1867,8.911226291986347,10.375693929132385
1868,8.452869146933278,8.525561721236013
1869,5.529934312433637e-05,0.0
1870,6.215839246381765e-05,0.0
1871,1.8028005298739567e-05,0.0
1872,5.054693050974034e-05,0.0
1873,5.419848189862586,4.31573374957892
1874,5.774080321067734e-06,0.0
1875,0.0001008221128009,0.0
1877,0.0001599661122009,0.0
1878,6.393806802356036e-05,0.0
1879,1.8585832332214428e-05,0.0
1880,0.0007797069494234,0.0
1881,6.774420755380745e-06,0.0
1885,4.4045037226347936e-05,0.0
1886,0.0002194586624867,0.0
1887,3.6254042298564725e-05,0.0
1888,9.242007585060315e-06,0.0
1889,0.0001132295738992,0.0
1890,4.1828216964785805e-05,0.0
1891,6.236318403613611,5.618821366972872
1892,0.0001442922634294,0.0
1893,2.1528526039093345e-05,0.0
1894,3.415986054648882e-05,0.0
1895,3.848189698365159e-05,0.0
1896,5.774021029454879e-05,0.0
1897,5.2771827002797014e-05,0.0
1898,5.038592043687313e-06,0.0
1899,3.6595068912536984e-05,0.0
1900,5.789831969823771e-05,0.0
1901,5.845476267205162,5.961229213323902
1902,5.591529947376946e-05,0.0
1903,6.675815934981826,9.371419080223395
1904,9.966845399810733e-06,0.0
1905,1.7823503576972275e-05,0.0
1906,2.578731205459527e-05,0.0
1907,4.674979762708653e-05,0.0
1908,1.3922459153446744e-05,0.0
1910,3.484401517885405e-05,0.0
1912,2.7074696494424735e-05,0.0
1913,1.115995414804086e-05,0.0
1914,3.1905715360253354e-05,0.0
1915,1.9829821065083452e-05,0.0
1916,4.174802115728103e-05,0.0
1918,5.261225340640882e-05,0.0
1919,0.0001773616801771,0.0
1921,0.0001621388372111,0.0
1922,8.249439903874931e-05,0.0
1923,6.093275610347029e-06,0.0
1924,5.585682152972163e-05,0.0
1925,5.482296430230833e-06,0.0
1926,5.581516065019355,5.721303944745566
1928,2.8691603070402027e-05,0.0
1929,9.909133469130194e-05,0.0
1931,5.760751600614525e-06,0.0
1932,2.945846074620212e-05,0.0
1933,0.0001650476758723,0.0
1934,5.297432218508948e-05,0.0
1935,4.2036288131501794e-05,0.0
1936,7.356585491582236e-06,0.0
1937,5.732234024007854,5.538677827921619
1938,1.5242645415373172e-05,0.0
1939,0.0001216206475044,0.0
1940,0.0002060608440009,0.0
1941,0.0001990220602768,0.0
1942,8.697506468326935e-06,0.0
1943,1.5344522097842797e-05,0.0
1944,3.953934011017478e-05,0.0
1945,2.8846571519305983e-05,0.0
1946,2.069505649621699e-05,0.0
1948,0.000100422496153,0.0
1949,4.212519564457138e-05,0.0
1950,0.0001846328188501,0.0
1951,0.0001301360612252,0.0
1952,0.0002738016413015,0.0
1953,10.478836265002968,10.247853867067944
1954,2.911991533079746e-05,0.0
1955,6.248211417606011e-06,0.0
1956,7.71349388525327e-05,0.0
1957,3.797495542014672e-05,0.0
1958,7.607006878995742,8.50547153865432
1959,2.711022085372349e-05,0.0
1960,2.042090116603443e-05,0.0
1963,6.645040276232838,8.472277514915705
1964,1.760338376983441e-05,0.0
1965,3.3265991672401043e-06,0.0
1967,6.241548820332093e-06,0.0
1968,4.799298722069776e-05,0.0
1970,0.0001364687241243,0.0
1971,6.392599474786439e-06,0.0
1972,2.71578199008946e-05,0.0
1973,2.2527005413673104e-05,0.0
1974,1.7126651767851056e-05,0.0
1975,0.0001485329689128,0.0
1977,1.503532518577945e-05,0.0
1978,2.7995559716175178e-05,0.0
1979,3.925560787161921e-05,0.0
1980,3.2472525246665555e-05,0.0
1982,1.4338184603854535e-05,0.0
1983,9.85205425117597,8.86542787888502
1984,4.760635670261787e-05,0.0
1985,0.000105968993535,0.0
1986,4.8029450715200666e-05,0.0
1987,6.0671952081826005e-05,0.0
1988,3.799254443301851e-05,0.0
1989,7.501925314741762,7.881536050503682
1990,1.950136683138357e-05,0.0
1993,9.739170346591008,9.312599887451908
1996,1.1746580421747304e-05,0.0
1997,2.0416293729198007e-05,0.0
1998,4.3335040762019226e-05,0.0
2000,0.0001515596781595,0.0
2001,8.237713598509006e-05,0.0
2002,8.627687712167481e-05,0.0
2003,6.173700379280547,6.08808515396813
2005,7.1907008734938955,9.820562662592392
2006,0.000110296174726,0.0
2007,4.5582421521283114e-05,0.0
2008,2.05262580304066e-05,0.0
2009,6.63028652788352,7.370230285016756
2010,1.6195939969147677e-05,0.0
2011,8.439906530239096,8.205814189300652
2012,0.0001525915462878,0.0
2013,3.062425044153264e-05,0.0
2014,0.0004468464434329,0.0
2015,3.8146941542741265e-05,0.0
2016,0.0001087839624763,0.0
2017,7.01515214412753,7.057493010438167
2018,1.4809091823540938e-05,0.0
2020,4.319138335538718e-05,0.0
2021,7.302983929405926,10.30328109746055
2022,0.0001000167082236,0.0
2023,4.613989790255529e-05,0.0
2024,7.398254001598899,7.709669605392513
2025,3.8982213739074705e-05,0.0
2026,6.477171131548181e-05,0.0
2027,4.635344451091945e-05,0.0
2028,0.0003230076963848,0.0
2030,5.771463216506079,5.9515398008021485
2032,4.739153393356447e-05,0.0
2033,6.56057264509791e-05,0.0
2035,5.986687884441384e-06,0.0
2036,6.955216515724053e-06,0.0
2037,8.178992139603433e-05,0.0
2038,8.312735388790043e-05,0.0
2039,1.9426106545877288e-05,0.0
2040,7.238550687528249e-05,0.0
2041,0.0001356304818766,0.0
2043,3.343032865232084e-05,0.0
2044,0.00010650381238,0.0
2045,5.874608677582326e-06,0.0
2046,0.0018374501107813,0.0
2047,10.220693983728998,10.355059610940973
2048,0.0001065663943702,0.0
2049,2.608850516650712e-05,0.0
2050,0.0001046163980736,0.0
2051,1.9785470509257567e-05,9.495873686345597
2053,4.64314358397097e-05,0.0
2054,3.833916534198704e-05,0.0
2055,0.000111943032628,0.0
2056,5.3033185865598864e-05,0.0
2057,0.0001558705091614,0.0
2058,0.00039894461936,0.0
2060,7.818778768113722e-05,0.0
2062,5.72576860248672,6.012906758706145
2063,6.526394621543822,8.636053654759536
2065,10.066348232683936,9.039916581713234
2066,2.0249121993814893e-05,0.0
2068,6.111079823999175e-05,0.0
2069,5.3307785000764685e-05,0.0
2071,2.2712017308897465e-05,0.0
2072,9.9696879146123,5.62250505583318
2073,1.1372515173334818e-05,0.0
2075,0.0001101214722308,0.0
2076,7.1684347928663765e-06,0.0
2078,7.151230190566597,6.237033182302932
2079,1.1375109719963296e-05,0.0
2081,3.4306648962962775e-05,0.0
2082,6.63344254687676,7.271195074664729
2083,0.0002139940925377,0.0
2084,4.725623673950717e-05,0.0
2085,7.601671306479578e-05,0.0
2086,6.124060650168801,6.590900458044255
2087,3.8735060187605734e-05,0.0
2088,3.1754476476829964e-05,0.0
2089,2.2962635795202447e-05,0.0
2090,8.886307301836766e-06,0.0
2091,0.0001761094483973,0.0
2092,10.46921713520442,10.217775548494146
2093,8.045251995606664e-05,0.0
2094,3.342376381624636e-05,0.0
2095,2.9766889088765127e-05,0.0
2096,0.0001262025432773,0.0
2097,0.0002820855911436,0.0
2099,5.0508467471885656e-05,0.0
2100,1.1186307176463786e-05,0.0
2101,0.0001823127570832,0.0
2102,1.1384396902316428e-05,0.0
2103,2.38308813704761e-05,0.0
2104,6.323153063398549e-05,0.0
2105,7.865600045641731,8.326052774290742
2106,1.1924249743246504e-05,0.0
2107,1.5923193791799536e-05,0.0
2108,1.9904411493977555e-05,0.0
2110,0.0001149658566765,0.0
2112,6.336607943506809,0.0
2113,2.7606265154913484e-05,0.0
2114,7.71581496264702,6.871816561726955
2115,2.453869401045536e-05,0.0
2116,6.411502181265452,7.339689841709481
2117,6.205203439458643,6.339399119434687
2118,3.383220820775136e-05,0.0
2120,0.000134033770406,0.0
2121,0.000114491172957,0.0
2122,7.928358312820487,8.836332227636541
2123,0.0001454638740533,0.0
2124,5.727644633508934e-05,0.0
2126,1.0605776680560983e-05,0.0
2127,5.605799960348139e-05,0.0
2128,3.3397150144909545e-05,0.0
2129,11.58969105173894,11.104143875989271
2130,4.723662863114624e-05,0.0
2132,8.748899746575053e-05,0.0
2133,0.0001820999588707,0.0
2134,2.7341802825444383e-05,0.0
2135,10.887504362824895,11.414266311447893
2136,6.525337467942001e-05,0.0
2137,6.080459340368292e-06,0.0
2138,5.7548387779248225e-05,0.0
2139,7.089255504759191e-05,0.0
2141,5.048414442221641e-05,0.0
2142,1.3881252669191642e-05,0.0
2143,5.391542995720345,5.302509024030911
2144,8.11511501125891e-06,0.0
2145,1.7134526210583637e-05,0.0
2146,7.022508641330545e-05,0.0
2147,1.0144621363785692e-05,0.0
2148,5.337244434687732,5.48773894418698
2149,4.0727971902517096e-05,0.0
2150,7.624319687878718e-05,0.0
2152,5.462488246345013e-05,0.0
2153,11.298067258228915,11.057471724904149
2154,0.0002922918103126,0.0
2155,6.337339165003101e-05,0.0
2157,4.9531058136258574e-05,0.0
2159,5.747288556798171e-05,0.0
2160,6.137232628898015e-05,0.0
2161,6.896020165977703e-05,0.0
2163,0.003715240263075,0.0
2165,5.518261135572987e-05,0.0
2166,2.9954225719437537e-05,0.0
2167,3.779595691990962e-05,0.0
2168,8.702011648608432e-05,0.0
2169,1.0779539246760727e-05,0.0
2170,3.248784126195138e-05,0.0
2171,1.9041325248290715e-05,0.0
2172,9.583524192645712e-05,0.0
2174,7.684449399139382e-06,0.0
2175,8.745813688350946,7.176892332662805
2176,2.852603494359666e-05,0.0
2177,5.174071201168309e-06,0.0
2178,9.735436296752191e-05,0.0
2179,3.2417237439152315e-05,0.0
2180,6.956481186651499e-05,0.0
2181,9.026757955741074,9.442713477085297
2182,5.4296129354366895e-05,0.0
2183,7.659262208107038e-06,0.0
2184,2.1251013435626415e-05,0.0
2185,7.44174897871364,8.045947854782021
2186,3.63206172694583e-05,0.0
2187,9.10076258299872e-06,0.0
2188,5.331615834018883e-05,0.0
2189,8.53379475689296e-05,0.0
2190,0.0001439522693692,6.6216494625922175
2191,4.110104609448156e-05,0.0
2192,4.603162779495921e-06,0.0
2193,0.0001996218560777,0.0
2194,5.204075751230936,4.905378579136319
2195,1.2320641015842171e-05,0.0
2196,7.030530689063042e-05,0.0
2197,3.494981751306463e-05,0.0
2198,0.0003917083191353,0.0
2199,4.908240973064544e-05,0.0
2200,1.4277984036151287e-05,0.0
2201,0.0001779329437587,0.0
2202,9.4265690406164e-06,0.0
2204,3.0447350452094185e-05,0.0
2206,2.1153072436854128e-05,0.0
2207,0.0002617712331284,0.0
2209,8.303895177491517,8.375833147509189
2210,8.507694398905764e-06,0.0
2211,0.0004961858362337,0.0
2212,7.695923540824794e-05,0.0
2213,4.6424821459198245e-05,0.0
2214,0.0001201685059169,0.0
2215,1.4911245379145954e-05,0.0
2216,1.6577894137652056e-05,0.0
2217,2.125401227083341e-05,0.0
2218,6.911525948706696,6.925778352122467
2221,2.280395752564143e-05,0.0
2222,6.342072485603404e-05,0.0
2223,7.75941865633468e-06,0.0
2225,7.071832932282967e-06,0.0
2226,3.762046414779152e-05,0.0
2227,8.075610688845914e-06,0.0
2228,3.778981562603394e-05,0.0
2229,3.980000803149288e-06,0.0
2230,0.000103782017453,0.0
2231,0.0002621883831455,0.0
2234,0.0001947398276336,0.0
2235,6.462910718877335e-05,0.0
2236,9.776466264494297e-05,0.0
2237,5.810527216772279e-05,0.0
2238,0.0001075840176953,0.0
2239,0.0001295852100685,0.0
2240,2.3428551743133644e-05,0.0
2241,3.200984858277532e-06,0.0
2242,0.0001303495829394,0.0
2243,0.0002142942424106,0.0
2244,0.0001241393528217,0.0
2245,9.49371980527909e-05,0.0
2246,9.780625784908825,0.0
2247,1.795532822690843e-05,0.0
2248,12.224588729243088,10.78186734708798
2249,3.4497310295233584e-05,0.0
2251,7.175447343641566e-05,0.0
2252,1.6988529320038044e-05,0.0
2254,0.0001042369720911,0.0
2255,9.45710723813308e-05,0.0
2256,7.707548406450422e-06,0.0
2257,13.21965368388293,12.484941454589636
2258,1.6010857876663388e-05,0.0
2259,6.215675286642542e-05,0.0
2260,2.362524350723149e-05,0.0
2261,2.6292049186358377e-05,0.0
2262,6.283194069143294e-06,0.0
2263,8.176421430030797e-05,0.0
2264,0.0001026332136693,0.0
2265,8.990150463703275e-06,0.0
2266,2.802292382969525e-05,0.0
2267,2.36106803237085e-05,0.0
2268,1.4652664860594667e-05,0.0
2269,9.52085431178289,9.586961656102782
2270,0.0001088005364348,0.0
2271,5.07334511987295e-05,0.0
2272,3.4266153784562437e-05,0.0
2273,1.453378003093022e-05,0.0
2274,1.9218606015953353e-05,0.0
2275,3.3658385241505704e-05,0.0
2276,5.835746151575428e-05,0.0
2277,0.0001456961781293,0.0
2278,9.084850541831086,6.709273243231446
2280,1.263935971353595e-05,0.0
2281,0.0001789011408733,0.0
2282,7.394337595380727,6.933495748729062
2283,0.0001057925230445,0.0
2284,0.0002458972465757,0.0
2285,0.0001542622286578,0.0
2286,2.2012682190096065e-05,0.0
2287,0.0001182775617924,0.0
2288,7.838645633878994,7.219975735921823
2289,3.763652419366333e-05,0.0
2290,1.148964808089554e-05,0.0
2291,1.3521530714529575e-05,0.0
2292,0.0001645147616488,0.0
2293,6.745787135736018e-05,0.0
2294,5.61092504022881e-06,0.0
2295,0.0001229019831457,0.0
2296,0.0002899396505238,0.0
2297,5.735352250680138e-05,0.0
2298,0.0015005284447425,0.0
2299,1.6470985613083536e-05,0.0
2300,6.088118715333452e-05,0.0
2301,5.8896259142257125e-05,0.0
2302,2.158840799968723e-05,0.0
2303,8.5741625010193,8.58472281777564
2304,7.154948213336085e-05,0.0
2305,7.224507741518282e-05,0.0
2306,6.7716366990229275,6.007331464025841
2307,8.11841692044889,8.493649006901373
2308,1.0517662139351743e-05,0.0
2309,1.9827776510434978e-05,0.0
2310,3.933342752362382e-05,0.0
2312,5.210130633275112e-05,0.0
2313,5.892745924081851e-05,0.0
2316,4.607535754914674,4.510184345194673
2317,0.0004558424750695,0.0
2318,3.6098983140608945,4.008686108862952
2319,0.0001189325208649,0.0
2320,0.0001327559023398,0.0
2321,5.4113118374995206e-05,0.0
2322,9.915672882076564e-05,0.0
2324,5.104166749243744e-06,0.0
2325,3.240159729011406e-05,0.0
2326,1.655351558002544e-05,0.0
2327,1.2715452249968854e-05,0.0
2329,0.0001412867295001,0.0
2330,4.152151146853822e-05,0.0
2331,0.0002119102660274,0.0
2332,5.110597754499794e-05,0.0
2333,5.029311974259551e-05,0.0
2334,6.334444960464463,6.23760734272456
2336,6.585372543417452e-06,0.0
2337,1.5997611396943062e-05,0.0
2338,7.706677799611259,7.7961526489011534
2339,5.738813620493588,5.791055942646784
2340,0.0001150218163099,0.0
2341,2.6370647190131226e-05,0.0
2342,2.722853783505795e-05,0.0
2343,5.1857906889832235e-05,0.0
2344,7.62022719366127e-05,0.0
2345,6.746994483670949,6.81307377736301
2346,1.886291310600907e-05,0.0
2347,8.72011810740653e-06,0.0
2349,7.595183762495893e-05,0.0
2350,3.353379520726551e-05,0.0
2351,0.0005501561639993,0.0
2352,5.059464717237176e-05,0.0
2353,10.002386036323095,7.690874684239474
2354,3.670179569543782e-05,0.0
2355,2.542741564492834e-05,0.0
2357,6.483587494225211,7.819016352107278
2359,3.5012493144345444e-05,0.0
2360,6.896599137115255e-06,0.0
2362,2.970645356420157e-05,0.0
2363,8.027670306790334e-05,0.0
2364,4.682300086440488e-05,0.0
2365,0.0001625016014623,0.0
2366,4.0119436099183566e-05,0.0
2367,2.977698550013469e-05,0.0
2368,0.000113956183661,0.0
2369,0.000131993318652,0.0
2370,6.299999468449492e-05,0.0
2371,8.869198419993465,9.997475006840492
2372,8.771145300872218e-05,0.0
2373,8.26970096170084e-06,0.0
2374,1.747614694073033e-05,0.0
2375,2.7627023257114498e-05,0.0
2376,3.191522183775164e-05,0.0
2377,0.0003375212158077,0.0
2378,7.149600689458122,7.993538597639163
2379,2.5814314639977355e-05,0.0
2380,4.927980002458131e-05,0.0
2381,7.863658319982138,7.7871458847369786
2382,7.455785754611227,7.401178338826359
2383,6.725530670166396e-05,0.0
2384,7.0705737117343426e-06,0.0
2385,5.792433475141548e-05,0.0
2386,9.058628705939825e-06,0.0
2387,1.0973980639420265e-05,0.0
2388,10.194588879533589,9.893478091958919
2389,5.751001758842485,5.609080617507604
2390,9.398196912386137e-06,0.0
2391,4.58588048480867e-06,0.0
2392,10.821237715183472,10.961169103857873
2396,4.669029686636248e-06,0.0
2397,6.27355158703946e-05,0.0
2398,6.452821423884536,6.534003795066596
2399,6.06920401576093e-05,0.0
2400,6.120855998314425e-06,0.0
2401,0.0007421048809725,0.0
2402,6.378861053962828e-06,0.0
2403,0.0002272170282746,0.0
2404,1.7937877578383045e-05,0.0
2405,7.86080991647403,8.044931963295687
2406,3.331518121697046e-05,0.0
2407,1.3419235646971811e-05,0.0
2408,0.0001758134038924,0.0
2409,3.274948862075832e-05,0.0
2410,3.185701340468734e-05,0.0
2411,3.49223857227264e-05,0.0
2412,9.837529214222178e-05,0.0
2413,3.4863452966676735e-05,0.0
2415,0.0001231364592515,0.0
2416,3.686201583471479e-05,0.0
2417,4.651026551266712e-05,0.0
2418,0.0003030350665325,0.0
2419,0.0001454663829563,0.0
2420,4.119227815047159e-06,0.0
2421,1.3226675897975608e-05,0.0
2422,4.810823842512936e-05,0.0
2423,2.492314443896391e-05,0.0
2424,3.112499740872051e-05,0.0
2425,8.19466235036728e-06,0.0
2426,0.0004084202882834,0.0
2427,5.957176697176543e-05,0.0
2428,3.111380786417831e-05,0.0
2429,3.4275515034697805e-05,0.0
2430,4.100243642088334e-05,0.0
2431,7.2330458167274205,7.604162141254644
2432,9.896263649892168e-05,0.0
2433,3.055533658690707e-05,0.0
2434,1.1080573853882494e-05,0.0
2435,3.0120896087919832e-05,0.0
2437,0.000201718532114,0.0
2438,3.4026344694032014e-05,0.0
2439,0.0001688967756847,0.0
2440,1.5323356824518072e-05,0.0
2441,2.1018181466019153e-05,0.0
2443,0.0001239748052834,0.0
2444,5.2692341362126845e-06,0.0
2445,2.2602577325536174e-05,0.0
2446,0.0001593483415754,0.0
2447,6.404101059869795e-05,0.0
2448,10.181462656642063,9.883374419017512
2449,4.1489598862879326e-05,0.0
2452,8.238114045334308,7.962153801235818
2453,0.0001000781458534,0.0
2454,1.1003009529508694e-05,0.0
2455,7.876933636832755e-05,0.0
2456,0.0002323660670594,0.0
2457,2.4703735064262537e-05,0.0
2458,6.202786253173955e-06,0.0
2459,0.0001111232847979,0.0
2460,0.000389509561808,0.0
2461,5.880552844380983,6.556241172338582
2462,8.55432307396592,8.929787062362868
2463,5.861983978639157e-05,0.0
2464,5.7669638717047405e-05,0.0
2466,0.0002116531369617,0.0
2467,4.203853079436783e-05,0.0
2468,2.2942587944223473e-05,0.0
2469,1.7878808306898225e-05,0.0
2470,3.7144680532033194e-05,0.0
2471,6.855283491586626e-05,0.0
2472,0.0001957706155729,0.0
2473,7.299617924301836e-06,0.0
2474,7.674898531910126,6.9804576609608
2476,0.0001042451035972,0.0
2477,5.445744917621487e-05,0.0
2478,4.141952701723201e-05,0.0
2479,2.2789551141434216e-05,0.0
2480,6.237148336765908,6.296243594278468
2481,1.892416250117391e-05,0.0
2482,5.960067728453659e-05,0.0
2483,1.6198426029504172e-05,0.0
2484,2.539110654150307e-05,0.0
2485,1.0943746928505034e-05,0.0
2486,3.560409113807896e-05,0.0
2487,1.6531311972649914e-05,0.0
2488,2.879138811643613e-05,0.0
2489,2.8600087094542347e-05,0.0
2490,0.0001055179256252,0.0
2491,4.873819345184133e-05,0.0
2492,6.343053977528832e-05,0.0
2493,5.995761870015082e-05,0.0
2494,6.498724595435181,5.876876325883938
2495,3.901873673660101e-05,0.0
2498,1.7521972634455148e-05,0.0
2499,0.0001438068963328,0.0
2500,6.416603391561101,6.4234277190132865
2501,0.0001962575170096,0.0
2502,0.0001146791720803,0.0
2503,4.35850430243772e-05,0.0
2504,4.0569559434350355e-06,0.0
2506,3.381150435186272e-05,0.0
2507,8.820634662566903,7.882081925519375
2508,3.994392711226622e-05,0.0
2509,0.0001048777977112,0.0
2510,9.978598726095132e-05,0.0
2511,9.42316214795706,8.931252705381318
2513,3.962387877976806e-05,0.0
2514,4.045301063516773e-05,0.0
2516,1.2650690340896013e-05,0.0
2517,1.0256054390824198e-05,0.0
2518,5.704556197638255,6.321510803538997
2519,3.905894478430514e-05,0.0
2520,1.1594805643287772e-05,0.0
2521,5.907774551789104e-05,0.0
2523,3.529808400756951e-05,0.0
2524,6.253399421686853e-06,0.0
2525,8.382064125552606,8.544216933184346
2526,1.408939375059838e-05,0.0
2527,1.9930366806791423e-05,0.0
2528,1.667046136950572e-05,0.0
2529,5.456424175089166e-05,0.0
2530,0.0001867287135659,0.0
2531,6.471641160669518,6.833407913348088
2532,7.287508737612263,7.223036028854098
2533,2.5547845489768304e-05,0.0
2534,2.116347075352438e-05,0.0
2536,4.0918615640780736e-05,0.0
2537,3.372896011849065e-05,0.0
2538,2.475775236349972e-05,0.0
2540,3.072242524593184e-05,0.0
2542,5.981465640046619,6.154106192182421
2543,6.8660232441474385,6.745570059365642
2544,3.143943874285823e-05,0.0
2545,1.313811632102679e-05,0.0
2546,1.577719247716673e-05,0.0
2547,6.512384615321656,7.7359372337266965
2548,9.213150493191014e-05,0.0
2549,0.0001403962651459,0.0
2550,0.002085922507214,0.0
2551,2.2458747598926207e-05,0.0
2552,6.342885203058706,6.5505577180985695
2553,6.53884391020612e-05,0.0
2554,4.785075188131391e-05,0.0
2557,1.2444794204604464e-05,0.0
2558,5.2403877866817155e-05,0.0
2559,7.621818076395665,7.516866277076493
2560,4.6848802717836435e-06,0.0
2561,0.000245275948296,0.0
2562,0.0001758886698045,0.0
2563,2.7990097573138576e-05,0.0
2564,9.251385925368149e-05,0.0
2566,5.247847717308271e-05,0.0
2567,1.8547644404532804e-05,0.0
2568,6.751867204607402e-05,0.0
2569,9.991623378152944e-06,0.0
2570,7.058969740384742e-05,0.0
2571,5.9326053365092545e-05,0.0
2572,0.0001046689498928,0.0
2573,7.472871532905162,7.200540615869619
2574,0.0001227722609184,0.0
2575,6.0941352170461744,5.94497465641266
2576,8.195297636943983e-06,0.0
2580,4.032381492432894e-06,0.0
2581,8.027230120660253,9.194589044902237
2582,6.995519062282165,6.475498692663851
2583,1.338030370642864e-05,0.0
2584,6.800135421741944e-05,0.0
2585,6.57404310652207,6.118151513075643
2586,0.000324018998607,0.0
2589,7.4830065288486204e-06,0.0
2590,9.160476139370283,8.347727072831333
2591,6.710807881421804e-06,0.0
2592,1.812727540875241e-05,0.0
2593,4.2340268322636114e-05,5.896641767472403
2594,5.959434968583664,6.250380186785795
2595,0.0003619166818399,0.0
2596,5.12777256618757e-05,0.0
2597,7.340959586513956,7.778951236152636
2598,0.0002739005156071,0.0
2599,6.383872516823222e-05,0.0
2600,8.24228693459719e-05,0.0
2601,3.703413690214466e-05,0.0
2602,2.7733485244757164e-05,0.0
2603,0.0001634219202324,0.0
2604,6.570262625249828e-05,0.0
2605,0.0001504489565435,0.0
2607,0.0008075834195749,0.0
2608,8.978994663887109,8.8051156113874
2609,6.854936101482388e-05,0.0
2610,8.18012556428174,7.913419234244216
2611,7.947481960216884e-05,0.0
2612,0.0001267991865318,0.0
2613,2.7621408849816107e-06,0.0
2614,0.0005233410304843,0.0
2615,6.46226192823646e-06,0.0
2616,4.759467083731003e-06,0.0
2617,9.418730208270285,9.681553372386269
2618,4.302956087283732e-05,0.0
2619,3.545410287676407e-05,0.0
2620,0.0001093647606305,0.0
2621,2.2437859022291083e-05,0.0
2622,2.401349605492938e-05,0.0
2623,2.308509070458945e-05,0.0
2624,8.482922128700422e-06,0.0
2625,0.0002048547883215,0.0
2626,5.807955403500115,6.132266371628118
2628,7.439800615124316e-05,0.0
2629,6.137789172340033e-05,0.0
2630,2.4651386953707888e-05,0.0
2631,7.239551224225572,8.388002635020223
2632,2.447008094663494e-05,0.0
2633,1.3394378220712108e-05,0.0
2634,6.879429653382001e-06,0.0
2635,2.9149562971215434e-05,0.0
2636,1.867683859874171e-05,0.0
2637,8.376899826786722e-06,0.0
2638,4.238616408806582e-05,0.0
2639,4.861779635455413,8.532635213017398
2640,9.950804828582634e-05,0.0
2642,7.22495659727264e-05,0.0
2643,5.64135382889759e-05,0.0
2644,7.778026682642989e-05,0.0
2645,6.9700860324150255e-06,0.0
2646,0.0001901878240864,0.0
2647,0.0003295165904031,0.0
2648,3.737291409228936e-05,0.0
2649,1.5252085121486127e-05,0.0
2650,1.5189218315671217e-05,0.0
2651,3.7140384492077005e-05,0.0
2652,1.2942663545777686e-05,0.0
2654,5.316085109507555,5.319200840124125
2655,1.9203128297878197e-05,0.0
2656,10.3392447454564,10.575631088028832
2657,0.0001561964623451,0.0
2658,6.905140387910707e-05,0.0
2659,2.9546617032246293e-05,0.0
2660,4.437226029513687e-05,0.0
2662,6.427556748001253e-05,0.0
2663,2.115830244673549e-05,0.0
2664,6.070207278344781e-05,0.0
2665,2.154964798318916e-05,0.0
2666,6.641355308578602e-05,0.0
2667,1.4969434134517528e-05,0.0
2668,7.125373534533625e-05,0.0
2669,9.89029131616968e-06,0.0
2671,7.333837744178732e-05,0.0
2672,0.0002622893125137,0.0
2673,0.0002174841646078,0.0
2674,8.319399175172283e-05,0.0
2675,2.1068655179780775e-05,0.0
2676,3.3130475507998844e-05,0.0
2677,3.9970828459683795e-05,0.0
2678,1.6047498946910508e-05,0.0
2679,5.157898872551713e-05,0.0
2680,9.67478080114514e-05,0.0
2682,5.040231438829002e-05,0.0
2683,8.095420705951506e-06,0.0
2684,0.0001400280505382,0.0
2685,0.0001050774035417,0.0
2686,5.777877373133962,6.4657987794879626
2687,3.25655875981996e-05,0.0
2688,7.558931055187685,7.593826650700999
2690,3.894832248617896e-05,0.0
2691,4.407398474193704e-05,0.0
2692,0.0001530852479688,0.0
2693,8.35869837094169,10.024937086429695
2695,5.470328188497091e-05,0.0
2696,0.0001381856864513,0.0
2697,2.8292626874928543e-05,0.0
2699,0.0001501963373423,0.0
2700,0.0001700023247964,0.0
2701,0.000201119443761,0.0
2702,0.0002163203300555,0.0
2703,0.0002451118782191,0.0
2704,9.009394815802614e-05,0.0
2705,4.487265798947048e-05,0.0
2706,3.497055730995346e-05,0.0
2708,3.25637505857024e-05,0.0
2709,2.1782590620614494e-05,0.0
2710,6.793395620204491e-05,0.0
2711,0.0005110059239812,0.0
2712,3.018413962902842e-05,0.0
2713,0.0001125704060882,0.0
2714,0.0001594466845496,0.0
2716,9.135741947555436e-05,0.0
2717,1.2136985601815222e-05,0.0
2718,2.937989089794085e-05,0.0
2719,1.841448691652213e-05,0.0
2720,1.148725167965268e-05,0.0
2721,6.726543357177263e-05,0.0
2723,10.661902217990868,10.040049348450195
2724,8.156117053184146e-05,0.0
2725,0.0001574781868243,0.0
2726,2.7929497755153507e-05,0.0
2727,8.25359526820176e-05,0.0
2729,6.958098005741003e-05,0.0
2730,5.082229216253808e-05,0.0
2731,1.159284593077521e-05,0.0
2732,4.712065706821843e-05,0.0
2733,0.0004207255285061,0.0
2734,6.878012565209947e-05,0.0
2735,1.1717926633175932e-05,0.0
2736,3.6808136285990154e-05,0.0
2738,0.0001172995335149,0.0
2739,7.938479680127958e-05,0.0
2740,9.366667672086069e-06,0.0
2741,5.120903123637998e-05,0.0
2742,7.532486830659259,0.0
2743,0.0001069636554813,0.0
2744,3.91890939072989e-06,0.0
2745,7.556135519361181,7.176639607666307
2746,4.694379111333217e-06,0.0
2747,2.4599403152731223e-05,0.0
2748,1.358018301980148e-05,0.0
2749,5.676903056482397e-05,0.0
2750,9.65308588392362,8.76343637682416
2751,5.446563659936839e-05,0.0
2752,7.954439093483153,9.540687258307068
2753,3.949130948191916e-05,0.0
2754,6.809013112149527,6.685926679087783
2755,7.787078361464426e-06,0.0
2756,3.9920828275223165e-05,0.0
2757,2.0689886130664693e-05,0.0
2758,6.123259536029611,5.361230107401334
2759,9.234949448907632e-06,0.0
2760,5.133813402095099e-05,0.0
2761,1.5435408234712555e-05,0.0
2762,2.578684961783832e-05,0.0
2763,1.887873127764828e-05,0.0
2764,7.797746655205517e-05,0.0
2765,3.1189540195717336e-05,0.0
2767,2.5983605587156283e-05,0.0
2768,4.673991544889097e-06,0.0
2770,2.3547750689701563e-05,0.0
2771,1.3142044026388318e-05,0.0
2772,5.436320967541306e-05,0.0
2774,6.706744901430397e-05,0.0
2775,5.73766018624354e-05,0.0
2777,8.567622869499493e-05,0.0
2778,6.815626929862645e-06,0.0
2779,1.971582545993462e-05,0.0
2780,0.0001148264672094,0.0
2781,4.395475089699471e-05,0.0
2782,0.0001087037945215,0.0
2783,0.0001134426196346,0.0
2784,7.600656784065331,8.097452327513844
2785,5.370537381029741,5.53650325164679
2786,0.000374531488507,0.0
2787,7.700053757650705,7.952329721627364
2788,7.30143223209148e-06,0.0
2790,2.054758412542595e-05,0.0
2792,9.1937873418502e-05,0.0
2793,6.631307126960227e-05,0.0
2794,4.925907197261372e-05,0.0
2795,0.0001983185165941,0.0
2796,6.007385188363272,5.820207542684989
2797,0.0001170084427456,0.0
2798,3.141577038702997e-05,0.0
2799,8.864090054646785e-05,0.0
2800,0.0010528119463386,0.0
2801,9.679236279706748e-05,0.0
2802,6.373524812843666e-05,0.0
2803,9.754418551262048e-05,0.0
2804,0.0014113302994455,0.0
2805,9.27575406297939e-05,0.0
2807,4.2522598479064426e-05,0.0
2808,9.390525880579696e-05,0.0
2809,6.025191813492059,6.051446550200399
2810,0.0001726893358794,0.0
2811,8.35786769865482e-05,0.0
2812,7.281177033271659,6.976380878431717
2813,8.119077055419204,8.297660106110001
2814,0.0001388095778074,0.0
2815,7.905280726102767e-05,0.0
2816,7.138761895310377,7.258797570834491
2817,1.463938163146284e-05,0.0
2818,0.0004335937322843,0.0
2819,1.221394990690136e-05,0.0
2820,8.111779075259458e-05,0.0
2821,2.9838022469123233e-05,0.0
2823,8.559761711886678e-06,0.0
2824,6.167934346361023e-05,0.0
2825,4.6495752664788664e-05,0.0
2826,3.4544712907104925e-05,0.0
2827,2.1384305537898032e-05,0.0
2828,6.516088775539649e-05,0.0
2829,8.389030201892485,7.824252386908691
2830,5.711510947292215e-06,0.0
2831,0.0001344985342164,0.0
2832,6.137088751008119,6.410357479415363
2833,6.819321774052865e-05,0.0
2834,1.3801086883791611e-05,0.0
2835,0.0002301833379646,0.0
2837,5.950225193315864,6.103556016944595
2839,5.888095983008639,6.069790714289721
2841,13.815223078217883,7.225010319227005
2843,0.000646206455015,0.0
2844,0.0001310186786665,0.0
2845,7.043252533031508e-05,0.0
2846,2.863389944891905e-05,0.0
2847,2.901116949542133e-05,0.0
2848,8.823565669720105,8.557197145746995
2849,4.308809167747317e-06,0.0
2850,3.170022980204754e-05,0.0
2851,3.418924208767965e-05,0.0
2853,9.56538186465936,9.529041428949455
2854,7.603899443293546e-05,0.0
2855,9.04764842033932e-05,0.0
2856,6.618186487534573e-06,0.0
2859,8.526733945185404,6.7937565074912944
2860,4.883797650631029e-05,0.0
2861,6.464855101418969,6.091723410384627
2862,4.0398142798006e-05,0.0
2863,0.0002984777922841,0.0
2864,4.278483033271172e-06,0.0
2865,0.0012475670875882,0.0
2866,4.2763896852130074e-05,0.0
2867,4.371442427142013e-05,0.0
2868,6.0147227019047074e-05,0.0
2869,2.732260588712474e-05,6.324887443057145
2870,6.534125640378195e-05,0.0
2871,0.0001320525948951,0.0
2873,6.106791167690399,6.896436391747026
2875,0.0001728917134315,0.0
2876,4.358930946033572e-05,0.0
2877,4.78128884102501e-05,0.0
2878,4.104860457402792e-05,0.0
2879,1.9698179391519323e-05,0.0
2880,2.2295391448942135e-05,0.0
2881,4.781774013776373e-05,0.0
2882,0.0003010662990525,0.0
2883,3.4364638244815693e-05,0.0
2884,0.0002735576951143,0.0
2885,0.0001296394769155,0.0
2886,3.164215465725802e-05,0.0
2887,8.39682269310124e-06,0.0
2888,1.8000521217293135e-05,0.0
2889,0.0005729074270752,0.0
2890,6.516360828307876,7.535505154810762
2891,2.913438543863981e-05,0.0
2892,7.853025606500965,9.413786993056618
2893,7.367432067991914,7.160789527520533
2894,0.001434085544836,0.0
2895,7.690670291772668,8.551873919692357
2896,9.2538835075791e-06,0.0
2897,7.343180726822049e-05,0.0
2898,1.9705419967412627e-05,0.0
2899,9.618155530485618e-05,0.0
2901,0.0003223705332994,0.0
2902,1.219790503313745e-05,0.0
2903,3.889080234793393e-05,0.0
2904,8.448379653247658,6.158850694742392
2905,8.049085247193686,9.475607916337344
2906,1.8201144519624252e-05,0.0
2907,8.110240608702455e-05,0.0
2908,4.775256137527832e-06,0.0
2909,4.1569266083693376e-05,0.0
2910,3.4269094229202545e-05,0.0
2911,0.0001912531764257,0.0
2912,2.5645283086116132e-05,0.0
2913,1.3680564625784152e-05,0.0
2914,0.0001610360012377,0.0
2916,5.777165576088435e-05,0.0
2917,0.0001081944088464,0.0
2918,7.033386679452451e-05,0.0
2919,4.228951045233283e-05,0.0
2920,8.198523482852863e-05,0.0
2921,3.320486039424993e-05,0.0
2922,11.44703506252606,10.333057870768393
2923,6.025244181353918e-05,0.0
2924,0.0001577216906844,0.0
2925,3.17224093663521e-05,0.0
2929,2.8756793914997343e-05,0.0
2930,1.4122863163677478e-05,0.0
2931,4.385194434627866e-05,0.0
2932,0.0001528385167464,0.0
2933,9.643767388994656,9.866889757704193
2934,0.0001331650492264,0.0
2935,5.470461522264091e-05,0.0
2936,1.7660429315813406e-05,0.0
2937,6.427711386810283e-05,0.0
2938,2.5987775675666497e-05,0.0
2940,3.756974315821933e-05,0.0
2942,3.6430549311432016e-05,0.0
2943,0.0001726888331323,0.0
2944,8.265961709272503,6.884294400556689
2945,6.434693309664922e-05,0.0
2946,4.374173601044616e-06,0.0
2947,3.011617303122328e-05,0.0
2948,2.9128444208296536e-06,0.0
2949,8.61921023781348e-06,0.0
2951,1.6116507661123615e-05,0.0
2952,8.22002815403848,7.982452860990729
2953,7.006404434208337,6.69849873537722
2954,7.264929737656839e-05,0.0
2956,7.002176850871067e-05,0.0
2957,1.4543191633579444e-05,0.0
2958,10.49197075951018,9.952289809327139
2959,4.130524961155131e-06,0.0
2961,2.9898733906633197e-05,0.0
2962,6.269818594629595,6.385285068888785
2963,8.07407125020743,7.96741890163658
2964,9.451910362184869e-06,0.0
2965,1.5231436820017798e-05,0.0
2967,6.201793815986258e-05,0.0
2968,3.650233188664765e-05,0.0
2969,1.7713920682457198e-05,0.0
2970,1.7353682386935093e-05,0.0
2971,4.734297524912435e-06,0.0
2972,7.174236990665075e-05,0.0
2973,2.404428176813753e-05,0.0
2974,0.000143663495847,0.0
2975,8.373796115561627e-05,0.0
2977,6.530749906233602e-05,0.0
2978,5.3383705630339055e-06,0.0
2979,0.0001572111264614,0.0
2980,0.0004140413279925,0.0
2981,2.4089210800707337e-05,0.0
2982,0.0003158885362729,0.0
2984,9.231755637914668,4.5973383734090625
2986,2.3361007569287003e-05,0.0
2987,7.629987828553597,7.606396622396825
2988,7.734891976384612e-05,0.0
2989,0.0002261223189867,0.0
2991,0.0001049618044788,0.0
2992,3.615847161576277e-05,0.0
2993,6.574970980531416e-06,0.0
2994,1.8810983743434906e-05,0.0
2995,0.0004694550430348,0.0
2996,0.000258589712849,0.0
2998,1.3522358464023198e-05,0.0
2999,0.0001462388622062,0.0
